Scenario,Computer,Application,Device,Subscription Order,Weight,Session,Average RTT,Average Req Resp Delay,Average Reconnection Count,Average Error Packets Count,QoS Score
scenario_0,comp4,app2,dev1,sub1,0.2,Session 5: 10.0.0.210-10.0.0.110,2.3784,1.4736,0,0,0.91983915
scenario_0,comp4,app2,dev10,sub10,0.2,Session 13: 10.0.0.210-10.0.0.123,2.2683,1.5125,0,0,0.907959485
scenario_0,comp4,app2,dev11,sub11,0.4,Session 7: 10.0.0.210-10.0.0.124,2.3194,1.4218,0,0,0.943268568
scenario_0,comp4,app2,dev12,sub12,0.4,Session 18: 10.0.0.210-10.0.0.125,2.5541,1.5925,0,0,0.864569417
scenario_0,comp4,app2,dev13,sub13,0.2,Session 20: 10.0.0.210-10.0.0.130,2.398,1.6459,0,0,0.848445189
scenario_0,comp4,app2,dev14,sub14,0.2,Session 19: 10.0.0.210-10.0.0.131,2.5896,1.6947,0,0,0.821338335
scenario_0,comp4,app2,dev15,sub15,0.2,Session 2: 10.0.0.210-10.0.0.132,2.4156,1.3859,0,0,0.954432264
scenario_0,comp4,app2,dev16,sub16,0.2,Session 9: 10.0.0.210-10.0.0.133,2.2511,1.3745,0,0,0.965196537
scenario_0,comp4,app2,dev17,sub17,0.4,Session 1: 10.0.0.210-10.0.0.134,2.5319,1.5462,0,0,0.884380954
scenario_0,comp4,app2,dev18,sub18,0.4,Session 16: 10.0.0.210-10.0.0.135,2.471,1.457,0,0,0.923220234
scenario_0,comp4,app2,dev19,sub19,0.4,Session 17: 10.0.0.210-10.0.0.136,2.2024,1.46,0,0,0.931931394
scenario_0,comp4,app2,dev2,sub2,0.2,Session 4: 10.0.0.210-10.0.0.111,2.4171,1.4706,0,0,0.919637204
scenario_0,comp4,app2,dev20,sub20,0.4,Session 12: 10.0.0.210-10.0.0.137,2.2104,1.4875,0,0,0.920356221
scenario_0,comp1,app1,dev7,sub21,0.3,Session 6: 10.0.0.230-10.0.0.120,1.4349,1.6478,0.0333,0.4667,0.275445578
scenario_0,comp1,app1,dev8,sub22,0.3,Session 5: 10.0.0.230-10.0.0.121,1.4724,1.7544,0.0333,0.4,0.268471105
scenario_0,comp1,app1,dev9,sub23,0.3,Session 4: 10.0.0.230-10.0.0.122,1.5035,1.7398,0.0333,0.4667,0.235172887
scenario_0,comp1,app1,dev10,sub24,0.3,Session 3: 10.0.0.230-10.0.0.123,1.4991,1.6845,0.0333,0.4667,0.258016931
scenario_0,comp1,app1,dev11,sub25,0.5,Session 2: 10.0.0.230-10.0.0.124,1.555,1.8003,0.0333,0.4667,0.208452776
scenario_0,comp1,app1,dev12,sub26,0.5,Session 1: 10.0.0.230-10.0.0.125,1.5879,1.8456,0.0333,0.5,0.169616295
scenario_0,comp2,app4,dev5,sub27,0.8,Session 4: 10.0.0.200-10.0.0.114,8.0447,1.4481,0,0,0.720573008
scenario_0,comp2,app4,dev6,sub28,0.8,Session 3: 10.0.0.200-10.0.0.115,8.1119,1.4662,0,0,0.710662076
scenario_0,comp3,app4,dev11,sub29,0.8,Session 1: 10.0.0.220-10.0.0.124,7.9915,1.4026,0,0.0333,0.722164763
scenario_0,comp4,app2,dev3,sub3,0.2,Session 6: 10.0.0.210-10.0.0.112,2.4044,1.4943,0,0,0.910386755
scenario_0,comp3,app4,dev12,sub30,0.8,Session 2: 10.0.0.220-10.0.0.125,7.9376,1.3886,0,0,0.748940876
scenario_0,comp1,app4,dev17,sub31,0.8,Session 10: 10.0.0.230-10.0.0.134,7.7923,1.4393,0.0333,0.4667,0.125657074
scenario_0,comp1,app4,dev18,sub32,0.8,Session 8: 10.0.0.230-10.0.0.135,7.7458,1.464,0.0333,0.4667,0.117247506
scenario_0,comp1,app4,dev19,sub33,0.8,Session 9: 10.0.0.230-10.0.0.136,7.8486,1.4543,0.0333,0.4667,0.117421039
scenario_0,comp1,app4,dev20,sub34,0.8,Session 7: 10.0.0.230-10.0.0.137,7.8747,1.475,0.0333,0.4667,0.107964944
scenario_0,comp2,app3,dev13,sub35,0.9,Session 2: 10.0.0.200-10.0.0.130,6.2076,1.2448,0,0,0.871952095
scenario_0,comp2,app3,dev14,sub36,0.9,Session 1: 10.0.0.200-10.0.0.131,6.1578,1.1544,0,0,0.910872712
scenario_0,comp4,app2,dev4,sub4,0.2,Session 15: 10.0.0.210-10.0.0.113,2.2332,1.5009,0,0,0.914016348
scenario_0,comp4,app2,dev5,sub5,0.4,Session 10: 10.0.0.210-10.0.0.114,2.1486,1.4078,0,0,0.955332406
scenario_0,comp4,app2,dev6,sub6,0.4,Session 3: 10.0.0.210-10.0.0.115,2.3802,1.4529,0,0,0.928262592
scenario_0,comp4,app2,dev7,sub7,0.2,Session 8: 10.0.0.210-10.0.0.120,2.2255,1.4247,0,0,0.945554628
scenario_0,comp4,app2,dev8,sub8,0.2,Session 11: 10.0.0.210-10.0.0.121,2.3243,1.7226,0,0,0.819714666
scenario_0,comp4,app2,dev9,sub9,0.2,Session 14: 10.0.0.210-10.0.0.122,2.2865,1.5023,0,0,0.911469365
scenario_1,comp2,app2,dev1,sub1,0.2,Session 2: 10.0.0.200-10.0.0.110,2.4416,1.8177,0,0,0.776367998
scenario_1,comp3,app2,dev10,sub10,0.2,Session 3: 10.0.0.220-10.0.0.123,2.3294,1.4081,0.0333,0.4667,0.340650234
scenario_1,comp3,app2,dev11,sub11,0.4,Session 8: 10.0.0.220-10.0.0.124,7.6165,1.5041,0.0333,0.4667,0.105586307
scenario_1,comp3,app2,dev12,sub12,0.4,Session 7: 10.0.0.220-10.0.0.125,7.6934,1.5635,0.0333,0.4667,0.078377237
scenario_1,comp4,app2,dev13,sub13,0.2,Session 6: 10.0.0.230-10.0.0.130,2.5112,1.8461,0,0,0.762143711
scenario_1,comp4,app2,dev14,sub14,0.2,Session 8: 10.0.0.230-10.0.0.131,2.447,1.8262,0,0,0.772681871
scenario_1,comp4,app2,dev15,sub15,0.2,Session 7: 10.0.0.230-10.0.0.132,2.6471,1.7659,0,0,0.790007563
scenario_1,comp4,app2,dev16,sub16,0.2,Session 4: 10.0.0.230-10.0.0.133,2.6206,1.72,0,0,0.809814196
scenario_1,comp4,app2,dev17,sub17,0.4,Session 5: 10.0.0.230-10.0.0.134,2.7362,1.7993,0,0,0.773010788
scenario_1,comp4,app2,dev18,sub18,0.4,Session 2: 10.0.0.230-10.0.0.135,2.3777,1.7035,0,0,0.825572017
scenario_1,comp4,app2,dev19,sub19,0.4,Session 1: 10.0.0.230-10.0.0.136,2.672,1.7703,0,0,0.787281296
scenario_1,comp2,app2,dev2,sub2,0.2,Session 5: 10.0.0.200-10.0.0.111,2.445,1.841,0,0,0.766685705
scenario_1,comp4,app2,dev20,sub20,0.4,Session 3: 10.0.0.230-10.0.0.137,2.6519,1.7298,0,0,0.804636248
scenario_1,comp4,app1,dev7,sub21,0.3,Session 9: 10.0.0.230-10.0.0.120,1.5266,2.2302,0,0,0.641048516
scenario_1,comp4,app1,dev8,sub22,0.3,Session 11: 10.0.0.230-10.0.0.121,1.5711,2.2518,0,0,0.630542254
scenario_1,comp4,app1,dev9,sub23,0.3,Session 13: 10.0.0.230-10.0.0.122,1.541,2.2388,0,0,0.63698826
scenario_1,comp4,app1,dev10,sub24,0.3,Session 12: 10.0.0.230-10.0.0.123,1.6011,2.335,0,0,0.595307554
scenario_1,comp4,app1,dev11,sub25,0.5,Session 10: 10.0.0.230-10.0.0.124,1.5544,2.2479,0,0,0.632759943
scenario_1,comp4,app1,dev12,sub26,0.5,Session 14: 10.0.0.230-10.0.0.125,1.6309,2.3691,0,0,0.580218527
scenario_1,comp1,app4,dev5,sub27,0.8,Session 2: 10.0.0.210-10.0.0.114,8.4633,1.4195,0,0,0.716809737
scenario_1,comp1,app4,dev6,sub28,0.8,Session 1: 10.0.0.210-10.0.0.115,8.4283,1.3234,0,0,0.75752041
scenario_1,comp3,app4,dev11,sub29,0.8,Session 14: 10.0.0.220-10.0.0.124,2.0236,1.1921,0.0333,0.4667,0.440560693
scenario_1,comp2,app2,dev3,sub3,0.2,Session 1: 10.0.0.200-10.0.0.112,2.4132,1.848,0,0,0.764991671
scenario_1,comp3,app4,dev12,sub30,0.8,Session 13: 10.0.0.220-10.0.0.125,1.9979,1.181,0.0333,0.4667,0.446064562
scenario_1,comp3,app4,dev17,sub31,0.8,Session 12: 10.0.0.220-10.0.0.134,7.6883,1.4923,0.0333,0.4667,0.107768544
scenario_1,comp3,app4,dev18,sub32,0.8,Session 11: 10.0.0.220-10.0.0.135,7.7111,1.5083,0.0333,0.4667,0.100362286
scenario_1,comp3,app4,dev19,sub33,0.8,Session 10: 10.0.0.220-10.0.0.136,7.6774,1.5417,0.0333,0.4667,0.087910668
scenario_1,comp3,app4,dev20,sub34,0.8,Session 9: 10.0.0.220-10.0.0.137,7.6859,1.5315,0.0333,0.4667,0.091779571
scenario_1,comp3,app3,dev13,sub35,0.9,Session 6: 10.0.0.220-10.0.0.130,5.7224,1.0846,0.0333,0.4667,0.34774913
scenario_1,comp3,app3,dev14,sub36,0.9,Session 5: 10.0.0.220-10.0.0.131,5.6984,1.0478,0.0333,0.4667,0.363730883
scenario_1,comp2,app2,dev4,sub4,0.2,Session 4: 10.0.0.200-10.0.0.113,2.4156,1.816,0,0,0.778027579
scenario_1,comp2,app2,dev5,sub5,0.4,Session 3: 10.0.0.200-10.0.0.114,2.4088,1.8192,0,0,0.776966791
scenario_1,comp2,app2,dev6,sub6,0.4,Session 6: 10.0.0.200-10.0.0.115,2.422,1.8136,0,0,0.778775053
scenario_1,comp3,app2,dev7,sub7,0.2,Session 1: 10.0.0.220-10.0.0.120,2.2641,1.2923,0.0333,0.4667,0.390562308
scenario_1,comp3,app2,dev8,sub8,0.2,Session 4: 10.0.0.220-10.0.0.121,2.233,1.2758,0.0333,0.4667,0.398480845
scenario_1,comp3,app2,dev9,sub9,0.2,Session 2: 10.0.0.220-10.0.0.122,2.2619,1.2663,0.0333,0.4667,0.401307585
scenario_10,comp1,app2,dev1,sub1,0.2,Session 3: 10.0.0.210-10.0.0.110,2.1965,1.5258,0,0,0.905162026
scenario_10,comp1,app2,dev10,sub10,0.2,Session 12: 10.0.0.210-10.0.0.123,2.2632,1.5228,0,0,0.903923725
scenario_10,comp1,app2,dev11,sub11,0.4,Session 13: 10.0.0.210-10.0.0.124,2.2065,1.5591,0,0,0.891133969
scenario_10,comp1,app2,dev12,sub12,0.4,Session 21: 10.0.0.210-10.0.0.125,2.2482,1.6034,0,0,0.871420981
scenario_10,comp1,app2,dev13,sub13,0.2,Session 14: 10.0.0.210-10.0.0.130,2.1788,1.414,0,0,0.951671705
scenario_10,comp1,app2,dev14,sub14,0.2,Session 15: 10.0.0.210-10.0.0.131,2.2179,1.4764,0,0,0.92463127
scenario_10,comp1,app2,dev15,sub15,0.2,Session 19: 10.0.0.210-10.0.0.132,2.1791,1.4894,0,0,0.920735436
scenario_10,comp1,app2,dev16,sub16,0.2,Session 17: 10.0.0.210-10.0.0.133,2.4625,1.5662,0,0,0.878746673
scenario_10,comp1,app2,dev17,sub17,0.4,Session 16: 10.0.0.210-10.0.0.134,2.4537,1.5176,0,0,0.89900558
scenario_10,comp1,app2,dev18,sub18,0.4,Session 18: 10.0.0.210-10.0.0.135,2.4538,1.5434,0,0,0.888420059
scenario_10,comp1,app2,dev19,sub19,0.4,Session 22: 10.0.0.210-10.0.0.136,2.4873,1.591,0,0,0.867657086
scenario_10,comp1,app2,dev2,sub2,0.2,Session 6: 10.0.0.210-10.0.0.111,2.3129,1.7912,0,0.0333,0.772961397
scenario_10,comp1,app2,dev20,sub20,0.4,Session 20: 10.0.0.210-10.0.0.137,2.2727,1.6897,0,0,0.835118392
scenario_10,comp2,app1,dev7,sub21,0.3,Session 5: 10.0.0.200-10.0.0.120,1.4148,1.7236,0.0333,0.4,0.283235596
scenario_10,comp2,app1,dev8,sub22,0.3,Session 6: 10.0.0.200-10.0.0.121,1.4505,1.781,0.0333,0.4,0.258371744
scenario_10,comp2,app1,dev9,sub23,0.3,Session 7: 10.0.0.200-10.0.0.122,1.4179,1.6575,0.0333,0.4667,0.272096358
scenario_10,comp2,app1,dev10,sub24,0.3,Session 8: 10.0.0.200-10.0.0.123,1.4408,1.7572,0.0333,0.4,0.268492291
scenario_10,comp2,app1,dev11,sub25,0.5,Session 3: 10.0.0.200-10.0.0.124,7.7424,1.2964,0.0333,0.4667,0.186114166
scenario_10,comp2,app1,dev12,sub26,0.5,Session 4: 10.0.0.200-10.0.0.125,7.6359,1.1732,0.0333,0.4667,0.240586258
scenario_10,comp1,app4,dev5,sub27,0.8,Session 7: 10.0.0.210-10.0.0.114,2.2948,1.7346,0,0,0.815884763
scenario_10,comp1,app4,dev6,sub28,0.8,Session 8: 10.0.0.210-10.0.0.115,2.2807,1.7512,0,0,0.809598184
scenario_10,comp2,app4,dev11,sub29,0.8,Session 9: 10.0.0.200-10.0.0.124,1.4824,1.6727,0.0333,0.4667,0.263474789
scenario_10,comp1,app2,dev3,sub3,0.2,Session 4: 10.0.0.210-10.0.0.112,2.3153,1.7624,0,0,0.803723887
scenario_10,comp2,app4,dev12,sub30,0.8,Session 10: 10.0.0.200-10.0.0.125,1.4759,1.7013,0.0333,0.4667,0.251985137
scenario_10,comp3,app4,dev17,sub31,0.8,Session 3: 10.0.0.220-10.0.0.134,8.3765,1.6213,0,0,0.637254557
scenario_10,comp3,app4,dev18,sub32,0.8,Session 1: 10.0.0.220-10.0.0.135,8.3524,1.6174,0,0,0.63974614
scenario_10,comp3,app4,dev19,sub33,0.8,Session 4: 10.0.0.220-10.0.0.136,8.2881,1.6043,0,0,0.647498994
scenario_10,comp3,app4,dev20,sub34,0.8,Session 2: 10.0.0.220-10.0.0.137,8.2678,1.5993,0,0,0.650301092
scenario_10,comp2,app3,dev13,sub35,0.9,Session 1: 10.0.0.200-10.0.0.130,5.8111,1.1079,0.0333,0.4667,0.334909655
scenario_10,comp2,app3,dev14,sub36,0.9,Session 2: 10.0.0.200-10.0.0.131,5.7778,1.0689,0.0333,0.4667,0.352137952
scenario_10,comp1,app2,dev4,sub4,0.2,Session 5: 10.0.0.210-10.0.0.113,2.1851,1.5207,0,0,0.907675726
scenario_10,comp1,app2,dev5,sub5,0.4,Session 1: 10.0.0.210-10.0.0.114,7.9293,1.39,0,0,0.748673874
scenario_10,comp1,app2,dev6,sub6,0.4,Session 2: 10.0.0.210-10.0.0.115,8.0088,1.4858,0,0,0.706439181
scenario_10,comp1,app2,dev7,sub7,0.2,Session 10: 10.0.0.210-10.0.0.120,2.1755,1.4604,0,0,0.932762976
scenario_10,comp1,app2,dev8,sub8,0.2,Session 9: 10.0.0.210-10.0.0.121,2.1586,1.4378,0,0,0.942657837
scenario_10,comp1,app2,dev9,sub9,0.2,Session 11: 10.0.0.210-10.0.0.122,2.1222,1.328,0,0,0.989039356
scenario_11,comp4,app2,dev1,sub1,0.2,Session 10: 10.0.0.220-10.0.0.110,2.2578,1.5845,0,0,0.878817457
scenario_11,comp4,app2,dev10,sub10,0.2,Session 8: 10.0.0.220-10.0.0.123,2.2774,1.5115,0,0,0.908032818
scenario_11,comp4,app2,dev11,sub11,0.4,Session 2: 10.0.0.220-10.0.0.124,7.9767,1.4578,0,0,0.719111434
scenario_11,comp4,app2,dev12,sub12,0.4,Session 1: 10.0.0.220-10.0.0.125,7.9486,1.3804,0,0,0.75189695
scenario_11,comp1,app2,dev13,sub13,0.2,Session 14: 10.0.0.230-10.0.0.130,2.6808,1.8864,0,0,0.739337394
scenario_11,comp1,app2,dev14,sub14,0.2,Session 8: 10.0.0.230-10.0.0.131,2.2535,1.4745,0,0,0.9240929
scenario_11,comp1,app2,dev15,sub15,0.2,Session 9: 10.0.0.230-10.0.0.132,2.515,1.5793,0,0,0.871430568
scenario_11,comp1,app2,dev16,sub16,0.2,Session 11: 10.0.0.230-10.0.0.133,2.5902,1.6813,0,0,0.826812111
scenario_11,comp1,app2,dev17,sub17,0.4,Session 1: 10.0.0.230-10.0.0.134,8.1779,1.8772,0,0,0.539648383
scenario_11,comp1,app2,dev18,sub18,0.4,Session 5: 10.0.0.230-10.0.0.135,8.0632,1.6532,0,0,0.635766904
scenario_11,comp1,app2,dev19,sub19,0.4,Session 2: 10.0.0.230-10.0.0.136,8.1784,1.8663,0,0,0.54410049
scenario_11,comp4,app2,dev2,sub2,0.2,Session 11: 10.0.0.220-10.0.0.111,2.2157,1.5342,0,0,0.901006139
scenario_11,comp1,app2,dev20,sub20,0.4,Session 3: 10.0.0.230-10.0.0.137,8.1723,1.8319,0,0,0.558435361
scenario_11,comp1,app1,dev7,sub21,0.3,Session 17: 10.0.0.230-10.0.0.120,1.5668,2.2721,0,0,0.622375402
scenario_11,comp1,app1,dev8,sub22,0.3,Session 18: 10.0.0.230-10.0.0.121,1.5396,2.2515,0,0,0.631831197
scenario_11,comp1,app1,dev9,sub23,0.3,Session 16: 10.0.0.230-10.0.0.122,1.5336,2.2066,0,0,0.650468922
scenario_11,comp1,app1,dev10,sub24,0.3,Session 19: 10.0.0.230-10.0.0.123,1.5021,2.2023,0,0,0.653398458
scenario_11,comp1,app1,dev11,sub25,0.5,Session 15: 10.0.0.230-10.0.0.124,1.5411,2.2438,0,0,0.634933818
scenario_11,comp1,app1,dev12,sub26,0.5,Session 20: 10.0.0.230-10.0.0.125,1.5258,2.2377,0,0,0.638002016
scenario_11,comp1,app4,dev5,sub27,0.8,Session 4: 10.0.0.230-10.0.0.114,8.1138,1.7142,0,0,0.608875031
scenario_11,comp1,app4,dev6,sub28,0.8,Session 6: 10.0.0.230-10.0.0.115,8.1118,1.7339,0,0,0.600869139
scenario_11,comp4,app4,dev11,sub29,0.8,Session 3: 10.0.0.220-10.0.0.124,2.2739,1.4913,0,0,0.916447354
scenario_11,comp4,app2,dev3,sub3,0.2,Session 14: 10.0.0.220-10.0.0.112,2.3134,1.7104,0,0,0.825121911
scenario_11,comp4,app4,dev12,sub30,0.8,Session 4: 10.0.0.220-10.0.0.125,2.3111,1.531,0,0,0.898787604
scenario_11,comp1,app4,dev17,sub31,0.8,Session 13: 10.0.0.230-10.0.0.134,2.6083,1.7116,0,0,0.813714695
scenario_11,comp1,app4,dev18,sub32,0.8,Session 7: 10.0.0.230-10.0.0.135,2.3773,1.2998,0,0,0.991163598
scenario_11,comp1,app4,dev19,sub33,0.8,Session 10: 10.0.0.230-10.0.0.136,2.319,1.6097,0,0,0.86621655
scenario_11,comp1,app4,dev20,sub34,0.8,Session 12: 10.0.0.230-10.0.0.137,2.3678,1.6593,0,0,0.844066988
scenario_11,comp3,app3,dev13,sub35,0.9,Session 1: 10.0.0.210-10.0.0.130,5.8457,1.0628,0.0333,0.4667,0.352126695
scenario_11,comp3,app3,dev14,sub36,0.9,Session 2: 10.0.0.210-10.0.0.131,5.8614,1.0941,0.0333,0.5,0.319668905
scenario_11,comp4,app2,dev4,sub4,0.2,Session 12: 10.0.0.220-10.0.0.113,2.165,1.377,0,0,0.967357958
scenario_11,comp4,app2,dev5,sub5,0.4,Session 6: 10.0.0.220-10.0.0.114,2.212,1.4885,0,0,0.919886853
scenario_11,comp4,app2,dev6,sub6,0.4,Session 7: 10.0.0.220-10.0.0.115,2.4479,1.532,0,0,0.893314122
scenario_11,comp4,app2,dev7,sub7,0.2,Session 5: 10.0.0.220-10.0.0.120,2.4916,1.58,0,0,0.87200956
scenario_11,comp4,app2,dev8,sub8,0.2,Session 13: 10.0.0.220-10.0.0.121,2.4222,1.4402,0,0,0.93191694
scenario_11,comp4,app2,dev9,sub9,0.2,Session 9: 10.0.0.220-10.0.0.122,2.432,1.5163,0,0,0.900341948
scenario_12,comp3,app2,dev1,sub1,0.2,Session 23: 10.0.0.220-10.0.0.110,2.2806,1.6808,0,0,0.838476309
scenario_12,comp2,app2,dev10,sub10,0.2,Session 9: 10.0.0.200-10.0.0.123,1.5846,1.806,0.0333,0.3333,0.281289929
scenario_12,comp2,app2,dev11,sub11,0.4,Session 8: 10.0.0.200-10.0.0.124,1.6361,1.9074,0.0333,0.3333,0.237794762
scenario_12,comp2,app2,dev12,sub12,0.4,Session 7: 10.0.0.200-10.0.0.125,1.6192,1.8486,0.0333,0.3333,0.262536983
scenario_12,comp3,app2,dev13,sub13,0.2,Session 1: 10.0.0.220-10.0.0.130,6.165,1.1628,0,0,0.907160977
scenario_12,comp3,app2,dev14,sub14,0.2,Session 2: 10.0.0.220-10.0.0.131,6.1647,1.184,0,0,0.898476941
scenario_12,comp3,app2,dev15,sub15,0.2,Session 20: 10.0.0.220-10.0.0.132,2.3918,1.473,0,0,0.919589269
scenario_12,comp3,app2,dev16,sub16,0.2,Session 19: 10.0.0.220-10.0.0.133,2.4253,1.559,0,0,0.88307661
scenario_12,comp3,app2,dev17,sub17,0.4,Session 6: 10.0.0.220-10.0.0.134,8.3426,1.7212,0,0,0.597535494
scenario_12,comp3,app2,dev18,sub18,0.4,Session 3: 10.0.0.220-10.0.0.135,8.3235,1.717,0,0,0.599965058
scenario_12,comp3,app2,dev19,sub19,0.4,Session 7: 10.0.0.220-10.0.0.136,8.3535,1.6151,0,0,0.640648766
scenario_12,comp3,app2,dev2,sub2,0.2,Session 22: 10.0.0.220-10.0.0.111,2.2911,1.7372,0,0,0.814955325
scenario_12,comp3,app2,dev20,sub20,0.4,Session 5: 10.0.0.220-10.0.0.137,8.2293,1.5882,0,0,0.656278724
scenario_12,comp2,app1,dev7,sub21,0.3,Session 6: 10.0.0.200-10.0.0.120,2.7585,1.6076,0.0333,0.3333,0.319214128
scenario_12,comp2,app1,dev8,sub22,0.3,Session 5: 10.0.0.200-10.0.0.121,2.6946,1.6023,0.0333,0.3333,0.323753022
scenario_12,comp2,app1,dev9,sub23,0.3,Session 4: 10.0.0.200-10.0.0.122,2.6173,1.5959,0.0333,0.3333,0.32923905
scenario_12,comp2,app1,dev10,sub24,0.3,Session 3: 10.0.0.200-10.0.0.123,2.6765,1.5144,0.0333,0.3333,0.360474967
scenario_12,comp2,app1,dev11,sub25,0.5,Session 2: 10.0.0.200-10.0.0.124,2.7524,1.6583,0.0333,0.3333,0.298645398
scenario_12,comp2,app1,dev12,sub26,0.5,Session 1: 10.0.0.200-10.0.0.125,2.7601,1.5767,0.0333,0.3333,0.331828483
scenario_12,comp3,app4,dev5,sub27,0.8,Session 12: 10.0.0.220-10.0.0.114,2.2833,1.6353,0,0,0.857038112
scenario_12,comp3,app4,dev6,sub28,0.8,Session 11: 10.0.0.220-10.0.0.115,2.3123,1.729,0,0,0.817533871
scenario_12,comp3,app4,dev11,sub29,0.8,Session 9: 10.0.0.220-10.0.0.124,8.3329,1.747,0,0,0.587312697
scenario_12,comp3,app2,dev3,sub3,0.2,Session 18: 10.0.0.220-10.0.0.112,2.3547,1.4453,0,0,0.932323541
scenario_12,comp3,app4,dev12,sub30,0.8,Session 10: 10.0.0.220-10.0.0.125,8.2704,1.5434,0,0,0.673132136
scenario_12,comp3,app4,dev17,sub31,0.8,Session 14: 10.0.0.220-10.0.0.134,2.3222,1.3961,0,0,0.953705738
scenario_12,comp3,app4,dev18,sub32,0.8,Session 16: 10.0.0.220-10.0.0.135,2.3997,1.5009,0,0,0.907853738
scenario_12,comp3,app4,dev19,sub33,0.8,Session 15: 10.0.0.220-10.0.0.136,2.4485,1.5506,0,0,0.88566316
scenario_12,comp3,app4,dev20,sub34,0.8,Session 13: 10.0.0.220-10.0.0.137,2.3659,1.4178,0,0,0.943188071
scenario_12,comp3,app3,dev13,sub35,0.9,Session 21: 10.0.0.220-10.0.0.130,2.2636,1.6304,0,0,0.859776987
scenario_12,comp3,app3,dev14,sub36,0.9,Session 24: 10.0.0.220-10.0.0.131,2.4554,1.5971,0,0,0.866335887
scenario_12,comp3,app2,dev4,sub4,0.2,Session 17: 10.0.0.220-10.0.0.113,2.2642,1.7132,0,0,0.82579452
scenario_12,comp3,app2,dev5,sub5,0.4,Session 4: 10.0.0.220-10.0.0.114,8.3768,1.6943,0,0,0.607302644
scenario_12,comp3,app2,dev6,sub6,0.4,Session 8: 10.0.0.220-10.0.0.115,8.3742,1.6981,0,0,0.605840314
scenario_12,comp2,app2,dev7,sub7,0.2,Session 12: 10.0.0.200-10.0.0.120,1.6322,1.8479,0.0333,0.3333,0.262342922
scenario_12,comp2,app2,dev8,sub8,0.2,Session 11: 10.0.0.200-10.0.0.121,1.6545,1.8626,0.0333,0.3333,0.255488362
scenario_12,comp2,app2,dev9,sub9,0.2,Session 10: 10.0.0.200-10.0.0.122,1.684,1.9079,0.0333,0.3333,0.235816781
scenario_13,comp3,app2,dev1,sub1,0.2,Session 3: 10.0.0.211-10.0.0.110,2.1818,1.4682,0,0,0.929330641
scenario_13,comp3,app2,dev10,sub10,0.2,Session 22: 10.0.0.211-10.0.0.123,1.4806,2.0622,0,0,0.711655975
scenario_13,comp3,app2,dev11,sub11,0.4,Session 25: 10.0.0.211-10.0.0.124,1.6074,2.277,0,0,0.618862962
scenario_13,comp3,app2,dev12,sub12,0.4,Session 26: 10.0.0.211-10.0.0.125,1.5294,2.2117,0,0,0.64853262
scenario_13,comp3,app2,dev13,sub13,0.2,Session 20: 10.0.0.211-10.0.0.130,2.5717,1.8256,0,0,0.768312479
scenario_13,comp3,app2,dev14,sub14,0.2,Session 19: 10.0.0.211-10.0.0.131,2.6133,1.8443,0,0,0.759102983
scenario_13,comp3,app2,dev15,sub15,0.2,Session 14: 10.0.0.211-10.0.0.132,2.3749,1.8715,0,0,0.756770777
scenario_13,comp3,app2,dev16,sub16,0.2,Session 5: 10.0.0.211-10.0.0.133,2.5095,1.5663,0,0,0.876966062
scenario_13,comp3,app2,dev17,sub17,0.4,Session 6: 10.0.0.211-10.0.0.134,2.448,1.5485,0,0,0.886542977
scenario_13,comp3,app2,dev18,sub18,0.4,Session 17: 10.0.0.211-10.0.0.135,2.4282,1.5897,0,0,0.870377728
scenario_13,comp3,app2,dev19,sub19,0.4,Session 9: 10.0.0.211-10.0.0.136,2.256,1.421,0,0,0.94594329
scenario_13,comp3,app2,dev2,sub2,0.2,Session 7: 10.0.0.211-10.0.0.111,2.4612,1.5305,0,0,0.893437075
scenario_13,comp3,app2,dev20,sub20,0.4,Session 11: 10.0.0.211-10.0.0.137,2.4136,1.4601,0,0,0.924073303
scenario_13,comp3,app1,dev7,sub21,0.3,Session 8: 10.0.0.211-10.0.0.120,2.2337,1.5642,0,0,0.888035469
scenario_13,comp3,app1,dev8,sub22,0.3,Session 12: 10.0.0.211-10.0.0.121,2.3471,1.3771,0,0,0.960576935
scenario_13,comp3,app1,dev9,sub23,0.3,Session 1: 10.0.0.211-10.0.0.122,2.3995,1.5103,0,0,0.904005748
scenario_13,comp3,app1,dev10,sub24,0.3,Session 10: 10.0.0.211-10.0.0.123,2.2831,1.6267,0,0,0.860572788
scenario_13,comp3,app1,dev11,sub25,0.5,Session 13: 10.0.0.211-10.0.0.124,2.5288,1.7228,0,0,0.812063545
scenario_13,comp3,app1,dev12,sub26,0.5,Session 15: 10.0.0.211-10.0.0.125,2.5101,1.7354,0,0,0.807587816
scenario_13,comp2,app4,dev5,sub27,0.8,Session 3: 10.0.0.200-10.0.0.114,8.435,1.9108,0,0,0.516351449
scenario_13,comp2,app4,dev6,sub28,0.8,Session 7: 10.0.0.200-10.0.0.115,8.3139,1.7329,0,0,0.593799026
scenario_13,comp2,app4,dev11,sub29,0.8,Session 2: 10.0.0.200-10.0.0.124,8.4967,2.0327,0,0,0.464070717
scenario_13,comp3,app2,dev3,sub3,0.2,Session 4: 10.0.0.211-10.0.0.112,2.3084,1.5126,0,0,0.906434262
scenario_13,comp2,app4,dev12,sub30,0.8,Session 8: 10.0.0.200-10.0.0.125,8.2873,1.6448,0,0,0.630917608
scenario_13,comp2,app4,dev17,sub31,0.8,Session 6: 10.0.0.200-10.0.0.134,8.2963,1.6668,0,0,0.621561236
scenario_13,comp2,app4,dev18,sub32,0.8,Session 5: 10.0.0.200-10.0.0.135,8.5116,1.9604,0,0,0.493172934
scenario_13,comp2,app4,dev19,sub33,0.8,Session 1: 10.0.0.200-10.0.0.136,8.1189,1.7731,0,0,0.584528545
scenario_13,comp2,app4,dev20,sub34,0.8,Session 4: 10.0.0.200-10.0.0.137,8.1301,1.7264,0,0,0.603267918
scenario_13,comp4,app3,dev13,sub35,0.9,Session 1: 10.0.0.220-10.0.0.130,5.6622,1.0701,0.0333,0.4667,0.35592444
scenario_13,comp4,app3,dev14,sub36,0.9,Session 2: 10.0.0.220-10.0.0.131,5.6719,1.0935,0.0333,0.4667,0.345967952
scenario_13,comp3,app2,dev4,sub4,0.2,Session 16: 10.0.0.211-10.0.0.113,2.4654,1.6609,0,0,0.839798314
scenario_13,comp3,app2,dev5,sub5,0.4,Session 18: 10.0.0.211-10.0.0.114,2.2659,1.6469,0,0,0.852924415
scenario_13,comp3,app2,dev6,sub6,0.4,Session 2: 10.0.0.211-10.0.0.115,2.5263,1.5849,0,0,0.868715495
scenario_13,comp3,app2,dev7,sub7,0.2,Session 21: 10.0.0.211-10.0.0.120,1.4387,2.0694,0,0,0.71025374
scenario_13,comp3,app2,dev8,sub8,0.2,Session 24: 10.0.0.211-10.0.0.121,1.4534,2.0074,0,0,0.735138834
scenario_13,comp3,app2,dev9,sub9,0.2,Session 23: 10.0.0.211-10.0.0.122,1.5317,2.137,0,0,0.679085552
scenario_14,comp4,app2,dev1,sub1,0.2,Session 20: 10.0.0.210-10.0.0.110,2.1641,1.3111,0,0,0.994420027
scenario_14,comp4,app2,dev10,sub10,0.2,Session 17: 10.0.0.210-10.0.0.123,2.5096,1.6049,0,0,0.861130645
scenario_14,comp4,app2,dev11,sub11,0.4,Session 3: 10.0.0.210-10.0.0.124,8.6821,1.8327,0,0,0.539238181
scenario_14,comp4,app2,dev12,sub12,0.4,Session 6: 10.0.0.210-10.0.0.125,8.5358,1.7611,0,0,0.574019737
scenario_14,comp1,app2,dev13,sub13,0.2,Session 7: 10.0.0.220-10.0.0.130,5.667,1.0879,0.0333,0.4667,0.348446143
scenario_14,comp1,app2,dev14,sub14,0.2,Session 6: 10.0.0.220-10.0.0.131,5.6678,1.0544,0.0333,0.4667,0.362156493
scenario_14,comp1,app2,dev15,sub15,0.2,Session 8: 10.0.0.220-10.0.0.132,2.3355,1.4194,0.0333,0.4667,0.335789783
scenario_14,comp1,app2,dev16,sub16,0.2,Session 12: 10.0.0.220-10.0.0.133,2.2953,1.4703,0.0333,0.5333,0.278323044
scenario_14,comp1,app2,dev17,sub17,0.4,Session 11: 10.0.0.220-10.0.0.134,2.3029,1.3863,0.0333,0.4667,0.350572297
scenario_14,comp1,app2,dev18,sub18,0.4,Session 10: 10.0.0.220-10.0.0.135,2.2966,1.4688,0.0333,0.5333,0.278890149
scenario_14,comp1,app2,dev19,sub19,0.4,Session 14: 10.0.0.220-10.0.0.136,2.2329,1.3629,0.0333,0.5333,0.324682537
scenario_14,comp4,app2,dev2,sub2,0.2,Session 12: 10.0.0.210-10.0.0.111,2.4755,1.5483,0,0,0.885607158
scenario_14,comp1,app2,dev20,sub20,0.4,Session 13: 10.0.0.220-10.0.0.137,2.2915,1.4578,0.0333,0.5333,0.283590543
scenario_14,comp1,app1,dev7,sub21,0.3,Session 2: 10.0.0.220-10.0.0.120,1.5729,1.7495,0.0333,0.4667,0.228625771
scenario_14,comp1,app1,dev8,sub22,0.3,Session 1: 10.0.0.220-10.0.0.121,1.5702,1.7447,0.0333,0.4667,0.230694416
scenario_14,comp1,app1,dev9,sub23,0.3,Session 4: 10.0.0.220-10.0.0.122,1.5192,1.7274,0.0333,0.4667,0.239677624
scenario_14,comp1,app1,dev10,sub24,0.3,Session 3: 10.0.0.220-10.0.0.123,1.5973,1.7899,0.0333,0.4667,0.211152679
scenario_14,comp1,app1,dev11,sub25,0.5,Session 9: 10.0.0.220-10.0.0.124,1.4678,1.7373,0.0333,0.4667,0.237519609
scenario_14,comp1,app1,dev12,sub26,0.5,Session 5: 10.0.0.220-10.0.0.125,1.4727,1.7302,0.0333,0.4667,0.240250298
scenario_14,comp4,app4,dev5,sub27,0.8,Session 15: 10.0.0.210-10.0.0.114,2.1886,1.4928,0,0,0.918989313
scenario_14,comp4,app4,dev6,sub28,0.8,Session 14: 10.0.0.210-10.0.0.115,2.2115,1.4892,0,0,0.919618255
scenario_14,comp4,app4,dev11,sub29,0.8,Session 19: 10.0.0.210-10.0.0.124,2.1975,1.5201,0,0,0.907462857
scenario_14,comp4,app2,dev3,sub3,0.2,Session 13: 10.0.0.210-10.0.0.112,2.2254,1.4517,0,0,0.934484332
scenario_14,comp4,app4,dev12,sub30,0.8,Session 16: 10.0.0.210-10.0.0.125,2.2488,1.5865,0,0,0.878330275
scenario_14,comp4,app4,dev17,sub31,0.8,Session 5: 10.0.0.210-10.0.0.134,8.6675,1.8585,0,0,0.529196746
scenario_14,comp4,app4,dev18,sub32,0.8,Session 2: 10.0.0.210-10.0.0.135,8.5605,1.7487,0,0,0.57819136
scenario_14,comp4,app4,dev19,sub33,0.8,Session 1: 10.0.0.210-10.0.0.136,8.5321,1.6269,0,0,0.629198555
scenario_14,comp4,app4,dev20,sub34,0.8,Session 7: 10.0.0.210-10.0.0.137,8.4246,1.5966,0,0,0.645604904
scenario_14,comp1,app3,dev13,sub35,0.9,Session 16: 10.0.0.220-10.0.0.130,2.3638,1.4768,0.0333,0.4667,0.311199825
scenario_14,comp1,app3,dev14,sub36,0.9,Session 15: 10.0.0.220-10.0.0.131,2.3827,1.4873,0.0333,0.4667,0.306193731
scenario_14,comp4,app2,dev4,sub4,0.2,Session 11: 10.0.0.210-10.0.0.113,2.28,1.5158,0,0,0.906172948
scenario_14,comp4,app2,dev5,sub5,0.4,Session 8: 10.0.0.210-10.0.0.114,8.5617,1.6819,0,0,0.605544836
scenario_14,comp4,app2,dev6,sub6,0.4,Session 4: 10.0.0.210-10.0.0.115,8.5069,1.7359,0,0,0.585425135
scenario_14,comp4,app2,dev7,sub7,0.2,Session 9: 10.0.0.210-10.0.0.120,2.4755,1.4565,0,0,0.923258751
scenario_14,comp4,app2,dev8,sub8,0.2,Session 18: 10.0.0.210-10.0.0.121,2.5139,1.6245,0,0,0.852932589
scenario_14,comp4,app2,dev9,sub9,0.2,Session 10: 10.0.0.210-10.0.0.122,2.4602,1.5026,0,0,0.904917219
scenario_15,comp4,app2,dev1,sub1,0.2,Session 2: 10.0.0.221-10.0.0.110,2.3309,1.6037,0,0,0.868236988
scenario_15,comp3,app2,dev10,sub10,0.2,Session 9: 10.0.0.210-10.0.0.123,1.5584,1.9898,0.0333,0.4667,0.130603873
scenario_15,comp3,app2,dev11,sub11,0.4,Session 8: 10.0.0.210-10.0.0.124,1.5999,2.0384,0.0333,0.4667,0.109134651
scenario_15,comp3,app2,dev12,sub12,0.4,Session 7: 10.0.0.210-10.0.0.125,1.6257,2.061,0.0333,0.4667,0.098910377
scenario_15,comp4,app2,dev13,sub13,0.2,Session 14: 10.0.0.221-10.0.0.130,2.337,1.5814,0,0,0.877157513
scenario_15,comp4,app2,dev14,sub14,0.2,Session 4: 10.0.0.221-10.0.0.131,2.2944,1.4599,0,0,0.928567243
scenario_15,comp4,app2,dev15,sub15,0.2,Session 1: 10.0.0.221-10.0.0.132,2.4911,1.5888,0,0,0.868418764
scenario_15,comp4,app2,dev16,sub16,0.2,Session 11: 10.0.0.221-10.0.0.133,2.276,1.5071,0,0,0.909889287
scenario_15,comp4,app2,dev17,sub17,0.4,Session 5: 10.0.0.221-10.0.0.134,2.5261,1.6543,0,0,0.840258622
scenario_15,comp4,app2,dev18,sub18,0.4,Session 12: 10.0.0.221-10.0.0.135,2.4743,1.6029,0,0,0.863257489
scenario_15,comp4,app2,dev19,sub19,0.4,Session 6: 10.0.0.221-10.0.0.136,2.5217,1.6664,0,0,0.835458686
scenario_15,comp4,app2,dev2,sub2,0.2,Session 13: 10.0.0.221-10.0.0.111,2.2857,1.535,0,0,0.898087133
scenario_15,comp4,app2,dev20,sub20,0.4,Session 8: 10.0.0.221-10.0.0.137,2.4861,1.6006,0,0,0.86376408
scenario_15,comp3,app1,dev7,sub21,0.3,Session 6: 10.0.0.210-10.0.0.120,2.329,1.4124,0.0333,0.4667,0.338901402
scenario_15,comp3,app1,dev8,sub22,0.3,Session 5: 10.0.0.210-10.0.0.121,2.2686,1.3732,0.0333,0.4667,0.357214772
scenario_15,comp3,app1,dev9,sub23,0.3,Session 4: 10.0.0.210-10.0.0.122,2.3156,1.3803,0.0333,0.4667,0.352563125
scenario_15,comp3,app1,dev10,sub24,0.3,Session 3: 10.0.0.210-10.0.0.123,2.3196,1.4083,0.0333,0.4667,0.340930928
scenario_15,comp3,app1,dev11,sub25,0.5,Session 2: 10.0.0.210-10.0.0.124,2.217,1.2835,0.0333,0.4667,0.395914908
scenario_15,comp3,app1,dev12,sub26,0.5,Session 1: 10.0.0.210-10.0.0.125,2.2401,1.2719,0.0333,0.4667,0.399817633
scenario_15,comp1,app4,dev5,sub27,0.8,Session 3: 10.0.0.220-10.0.0.114,8.3966,1.7587,0,0,0.580156257
scenario_15,comp1,app4,dev6,sub28,0.8,Session 7: 10.0.0.220-10.0.0.115,8.3991,1.7365,0,0,0.589169013
scenario_15,comp1,app4,dev11,sub29,0.8,Session 9: 10.0.0.220-10.0.0.124,8.2947,1.5531,0,0,0.668254292
scenario_15,comp4,app2,dev3,sub3,0.2,Session 3: 10.0.0.221-10.0.0.112,2.2183,1.331,0,0,0.984251994
scenario_15,comp1,app4,dev12,sub30,0.8,Session 6: 10.0.0.220-10.0.0.125,8.4045,1.7805,0,0,0.570922629
scenario_15,comp1,app4,dev17,sub31,0.8,Session 8: 10.0.0.220-10.0.0.134,8.3171,1.6389,0,0,0.632234504
scenario_15,comp1,app4,dev18,sub32,0.8,Session 10: 10.0.0.220-10.0.0.135,8.2775,1.5791,0,0,0.65822706
scenario_15,comp1,app4,dev19,sub33,0.8,Session 5: 10.0.0.220-10.0.0.136,8.3527,1.6955,0,0,0.607702472
scenario_15,comp1,app4,dev20,sub34,0.8,Session 4: 10.0.0.220-10.0.0.137,8.3894,1.6098,0,0,0.641493796
scenario_15,comp1,app3,dev13,sub35,0.9,Session 2: 10.0.0.220-10.0.0.130,6.1504,1.1506,0,0,0.912705168
scenario_15,comp1,app3,dev14,sub36,0.9,Session 1: 10.0.0.220-10.0.0.131,6.216,1.2576,0,0,0.866391293
scenario_15,comp4,app2,dev4,sub4,0.2,Session 10: 10.0.0.221-10.0.0.113,2.3182,1.799,0,0,0.788605131
scenario_15,comp4,app2,dev5,sub5,0.4,Session 7: 10.0.0.221-10.0.0.114,2.3395,1.8312,0,0,0.774609993
scenario_15,comp4,app2,dev6,sub6,0.4,Session 9: 10.0.0.221-10.0.0.115,2.2906,1.7576,0,0,0.806606811
scenario_15,comp3,app2,dev7,sub7,0.2,Session 12: 10.0.0.210-10.0.0.120,1.5446,1.9775,0.0333,0.4667,0.136159469
scenario_15,comp3,app2,dev8,sub8,0.2,Session 11: 10.0.0.210-10.0.0.121,1.5582,2.0642,0.0333,0.4667,0.100096259
scenario_15,comp3,app2,dev9,sub9,0.2,Session 10: 10.0.0.210-10.0.0.122,1.5302,2.0338,0.0333,0.4667,0.113601115
scenario_16,comp1,app2,dev1,sub1,0.2,Session 24: 10.0.0.210-10.0.0.110,2.1854,1.4944,0,0,0.918451516
scenario_16,comp1,app2,dev10,sub10,0.2,Session 9: 10.0.0.210-10.0.0.123,2.3919,1.6128,0,0,0.862246867
scenario_16,comp1,app2,dev11,sub11,0.4,Session 2: 10.0.0.210-10.0.0.124,8.0378,1.5987,0,0,0.659060096
scenario_16,comp1,app2,dev12,sub12,0.4,Session 4: 10.0.0.210-10.0.0.125,8.0245,1.5701,0,0,0.671282599
scenario_16,comp1,app2,dev13,sub13,0.2,Session 22: 10.0.0.210-10.0.0.130,2.3171,1.5159,0,0,0.904758763
scenario_16,comp1,app2,dev14,sub14,0.2,Session 11: 10.0.0.210-10.0.0.131,2.318,1.6023,0,0,0.869288659
scenario_16,comp1,app2,dev15,sub15,0.2,Session 8: 10.0.0.210-10.0.0.132,2.256,1.4896,0,0,0.917807132
scenario_16,comp1,app2,dev16,sub16,0.2,Session 10: 10.0.0.210-10.0.0.133,2.3027,1.6036,0,0,0.86932176
scenario_16,comp1,app2,dev17,sub17,0.4,Session 19: 10.0.0.210-10.0.0.134,2.426,1.519,0,0,0.899456624
scenario_16,comp1,app2,dev18,sub18,0.4,Session 20: 10.0.0.210-10.0.0.135,2.4277,1.5062,0,0,0.904643598
scenario_16,comp1,app2,dev19,sub19,0.4,Session 21: 10.0.0.210-10.0.0.136,2.4385,1.5385,0,0,0.890996078
scenario_16,comp1,app2,dev2,sub2,0.2,Session 18: 10.0.0.210-10.0.0.111,2.1761,1.5089,0,0,0.912848587
scenario_16,comp1,app2,dev20,sub20,0.4,Session 5: 10.0.0.210-10.0.0.137,2.4257,1.5247,0,0,0.897129884
scenario_16,comp2,app1,dev7,sub21,0.3,Session 6: 10.0.0.200-10.0.0.120,1.5244,2.0193,0.0333,0.4667,0.119762936
scenario_16,comp2,app1,dev8,sub22,0.3,Session 5: 10.0.0.200-10.0.0.121,1.5827,2.0957,0.0333,0.4667,0.086269784
scenario_16,comp2,app1,dev9,sub23,0.3,Session 4: 10.0.0.200-10.0.0.122,1.56,2.0641,0.0333,0.4667,0.100070651
scenario_16,comp2,app1,dev10,sub24,0.3,Session 3: 10.0.0.200-10.0.0.123,1.4984,1.9564,0.0333,0.4667,0.146523579
scenario_16,comp2,app1,dev11,sub25,0.5,Session 2: 10.0.0.200-10.0.0.124,1.6034,2.0527,0.0333,0.4667,0.103139989
scenario_16,comp2,app1,dev12,sub26,0.5,Session 1: 10.0.0.200-10.0.0.125,1.6022,2.0275,0.0333,0.4667,0.113520136
scenario_16,comp1,app4,dev5,sub27,0.8,Session 12: 10.0.0.210-10.0.0.114,2.3019,1.6991,0,0,0.83018223
scenario_16,comp1,app4,dev6,sub28,0.8,Session 15: 10.0.0.210-10.0.0.115,2.2999,1.4569,0,0,0.929594118
scenario_16,comp1,app4,dev11,sub29,0.8,Session 14: 10.0.0.210-10.0.0.124,2.2604,1.43,0,0,0.942089101
scenario_16,comp1,app2,dev3,sub3,0.2,Session 16: 10.0.0.210-10.0.0.112,2.1463,1.3665,0,0,0.97235665
scenario_16,comp1,app4,dev12,sub30,0.8,Session 13: 10.0.0.210-10.0.0.125,2.2791,1.4448,0,0,0.935326773
scenario_16,comp3,app4,dev17,sub31,0.8,Session 4: 10.0.0.230-10.0.0.134,8.1841,1.5035,0,0,0.692691238
scenario_16,comp3,app4,dev18,sub32,0.8,Session 3: 10.0.0.230-10.0.0.135,8.2401,1.4135,0,0,0.727531855
scenario_16,comp3,app4,dev19,sub33,0.8,Session 6: 10.0.0.230-10.0.0.136,8.2645,1.5087,0,0,0.687582649
scenario_16,comp3,app4,dev20,sub34,0.8,Session 5: 10.0.0.230-10.0.0.137,8.2324,1.4142,0,0,0.727529749
scenario_16,comp3,app3,dev13,sub35,0.9,Session 1: 10.0.0.230-10.0.0.130,6.1572,1.1614,0,0,0.908023883
scenario_16,comp3,app3,dev14,sub36,0.9,Session 2: 10.0.0.230-10.0.0.131,6.2069,1.2348,0,0,0.876079485
scenario_16,comp1,app2,dev4,sub4,0.2,Session 17: 10.0.0.210-10.0.0.113,2.1031,1.303,0,0,1
scenario_16,comp1,app2,dev5,sub5,0.4,Session 3: 10.0.0.210-10.0.0.114,8.0403,1.5491,0,0,0.679310909
scenario_16,comp1,app2,dev6,sub6,0.4,Session 1: 10.0.0.210-10.0.0.115,8.0526,1.5822,0,0,0.665279752
scenario_16,comp1,app2,dev7,sub7,0.2,Session 23: 10.0.0.210-10.0.0.120,2.2506,1.3832,0,0,0.961646755
scenario_16,comp1,app2,dev8,sub8,0.2,Session 6: 10.0.0.210-10.0.0.121,2.3732,1.5959,0,0,0.869870507
scenario_16,comp1,app2,dev9,sub9,0.2,Session 7: 10.0.0.210-10.0.0.122,2.3632,1.5717,0,0,0.880166217
scenario_17,comp4,app2,dev1,sub1,0.2,Session 13: 10.0.0.210-10.0.0.110,2.3303,1.5089,0.0333,0.2667,0.413622681
scenario_17,comp4,app2,dev10,sub10,0.2,Session 5: 10.0.0.210-10.0.0.123,2.5022,1.4527,0.0333,0.4,0.354097126
scenario_17,comp4,app2,dev11,sub11,0.4,Session 4: 10.0.0.210-10.0.0.124,2.5914,1.5947,0.0333,0.4,0.292554569
scenario_17,comp4,app2,dev12,sub12,0.4,Session 3: 10.0.0.210-10.0.0.125,2.475,1.448,0.0333,0.4,0.357031567
scenario_17,comp1,app2,dev13,sub13,0.2,Session 12: 10.0.0.220-10.0.0.130,2.7243,1.8096,0,0,0.769226714
scenario_17,comp1,app2,dev14,sub14,0.2,Session 15: 10.0.0.220-10.0.0.131,2.7173,1.7627,0,0,0.788721747
scenario_17,comp1,app2,dev15,sub15,0.2,Session 13: 10.0.0.220-10.0.0.132,2.6368,1.6319,0,0,0.845348635
scenario_17,comp1,app2,dev16,sub16,0.2,Session 16: 10.0.0.220-10.0.0.133,2.5985,1.6128,0,0,0.854600049
scenario_17,comp1,app2,dev17,sub17,0.4,Session 4: 10.0.0.220-10.0.0.134,8.1454,1.7697,0,0,0.584942212
scenario_17,comp1,app2,dev18,sub18,0.4,Session 6: 10.0.0.220-10.0.0.135,8.1482,1.763,0,0,0.587586569
scenario_17,comp1,app2,dev19,sub19,0.4,Session 2: 10.0.0.220-10.0.0.136,8.1501,1.7894,0,0,0.576688336
scenario_17,comp4,app2,dev2,sub2,0.2,Session 14: 10.0.0.210-10.0.0.111,2.4021,1.5745,0.0333,0.2667,0.384059458
scenario_17,comp1,app2,dev20,sub20,0.4,Session 1: 10.0.0.220-10.0.0.137,8.1751,1.8338,0,0,0.557552444
scenario_17,comp1,app1,dev7,sub21,0.3,Session 20: 10.0.0.220-10.0.0.120,1.3352,1.8759,0,0,0.793448203
scenario_17,comp1,app1,dev8,sub22,0.3,Session 21: 10.0.0.220-10.0.0.121,1.3964,1.9545,0,0,0.758945389
scenario_17,comp1,app1,dev9,sub23,0.3,Session 18: 10.0.0.220-10.0.0.122,1.3398,1.8562,0,0,0.801357862
scenario_17,comp1,app1,dev10,sub24,0.3,Session 17: 10.0.0.220-10.0.0.123,1.3031,1.803,0,0,0.824536104
scenario_17,comp1,app1,dev11,sub25,0.5,Session 7: 10.0.0.220-10.0.0.124,8.015,1.5124,0,0,0.695299763
scenario_17,comp1,app1,dev12,sub26,0.5,Session 3: 10.0.0.220-10.0.0.125,8.1344,1.7745,0,0,0.583380641
scenario_17,comp1,app4,dev5,sub27,0.8,Session 5: 10.0.0.220-10.0.0.114,8.1798,1.8358,0,0,0.556558189
scenario_17,comp1,app4,dev6,sub28,0.8,Session 8: 10.0.0.220-10.0.0.115,8.0251,1.5356,0,0,0.6854105
scenario_17,comp1,app4,dev11,sub29,0.8,Session 19: 10.0.0.220-10.0.0.124,1.4061,1.9841,0,0,0.746445983
scenario_17,comp4,app2,dev3,sub3,0.2,Session 10: 10.0.0.210-10.0.0.112,2.4525,1.509,0.0333,0.3333,0.370980606
scenario_17,comp1,app4,dev12,sub30,0.8,Session 22: 10.0.0.220-10.0.0.125,1.4095,1.9712,0,0,0.75161105
scenario_17,comp1,app4,dev17,sub31,0.8,Session 9: 10.0.0.220-10.0.0.134,2.6052,1.5135,0,0,0.895079767
scenario_17,comp1,app4,dev18,sub32,0.8,Session 10: 10.0.0.220-10.0.0.135,2.3137,1.7773,0,0,0.797671901
scenario_17,comp1,app4,dev19,sub33,0.8,Session 14: 10.0.0.220-10.0.0.136,2.6277,1.6232,0,0,0.849253739
scenario_17,comp1,app4,dev20,sub34,0.8,Session 11: 10.0.0.220-10.0.0.137,2.281,1.6845,0,0,0.836943956
scenario_17,comp4,app3,dev13,sub35,0.9,Session 1: 10.0.0.210-10.0.0.130,5.9372,1.1091,0.0333,0.4,0.367885466
scenario_17,comp4,app3,dev14,sub36,0.9,Session 2: 10.0.0.210-10.0.0.131,5.9199,1.1168,0.0333,0.4,0.365367645
scenario_17,comp4,app2,dev4,sub4,0.2,Session 9: 10.0.0.210-10.0.0.113,2.4377,1.4684,0.0333,0.3333,0.388180405
scenario_17,comp4,app2,dev5,sub5,0.4,Session 12: 10.0.0.210-10.0.0.114,2.4532,1.4512,0.0333,0.3333,0.394661255
scenario_17,comp4,app2,dev6,sub6,0.4,Session 11: 10.0.0.210-10.0.0.115,2.4717,1.4881,0.0333,0.3333,0.378842057
scenario_17,comp4,app2,dev7,sub7,0.2,Session 8: 10.0.0.210-10.0.0.120,2.3761,1.5916,0.0333,0.3333,0.339930143
scenario_17,comp4,app2,dev8,sub8,0.2,Session 7: 10.0.0.210-10.0.0.121,2.4751,1.5282,0.0333,0.4,0.32413399
scenario_17,comp4,app2,dev9,sub9,0.2,Session 6: 10.0.0.210-10.0.0.122,2.4872,1.452,0.0333,0.4,0.35493942
scenario_18,comp4,app2,dev1,sub1,0.2,Session 3: 10.0.0.212-10.0.0.110,2.1606,1.4311,0,0,0.945331803
scenario_18,comp4,app2,dev10,sub10,0.2,Session 12: 10.0.0.212-10.0.0.123,2.1631,1.5455,0,0,0.898318332
scenario_18,comp4,app2,dev11,sub11,0.4,Session 6: 10.0.0.212-10.0.0.124,2.2232,1.5999,0,0,0.873781816
scenario_18,comp4,app2,dev12,sub12,0.4,Session 9: 10.0.0.212-10.0.0.125,2.2788,1.6851,0,0,0.836779295
scenario_18,comp4,app2,dev13,sub13,0.2,Session 13: 10.0.0.212-10.0.0.130,2.4165,1.9479,0,0,0.723895737
scenario_18,comp4,app2,dev14,sub14,0.2,Session 14: 10.0.0.212-10.0.0.131,2.4216,1.586,0,0,0.872139559
scenario_18,comp4,app2,dev15,sub15,0.2,Session 7: 10.0.0.212-10.0.0.132,2.4466,1.6597,0,0,0.84098633
scenario_18,comp4,app2,dev16,sub16,0.2,Session 5: 10.0.0.212-10.0.0.133,2.3977,1.5985,0,0,0.867897311
scenario_18,comp4,app2,dev17,sub17,0.4,Session 17: 10.0.0.212-10.0.0.134,2.297,1.4868,0,0,0.917438027
scenario_18,comp4,app2,dev18,sub18,0.4,Session 16: 10.0.0.212-10.0.0.135,2.367,1.5008,0,0,0.909105067
scenario_18,comp4,app2,dev19,sub19,0.4,Session 18: 10.0.0.212-10.0.0.136,2.2369,1.4293,0,0,0.943246003
scenario_18,comp4,app2,dev2,sub2,0.2,Session 11: 10.0.0.212-10.0.0.111,2.2395,1.5399,0,0,0.897787393
scenario_18,comp4,app2,dev20,sub20,0.4,Session 15: 10.0.0.212-10.0.0.137,2.2656,1.4436,0,0,0.936318622
scenario_18,comp1,app1,dev7,sub21,0.3,Session 3: 10.0.0.210-10.0.0.120,1.4751,1.7458,0.0333,0.4,0.271898444
scenario_18,comp1,app1,dev8,sub22,0.3,Session 4: 10.0.0.210-10.0.0.121,1.4784,1.6683,0.0333,0.4667,0.265427492
scenario_18,comp1,app1,dev9,sub23,0.3,Session 5: 10.0.0.210-10.0.0.122,1.5208,1.6923,0.0333,0.4667,0.254014601
scenario_18,comp1,app1,dev10,sub24,0.3,Session 7: 10.0.0.210-10.0.0.123,1.4974,1.6941,0.0333,0.4667,0.254142431
scenario_18,comp1,app1,dev11,sub25,0.5,Session 8: 10.0.0.210-10.0.0.124,1.4731,1.7009,0.0333,0.4667,0.252252832
scenario_18,comp1,app1,dev12,sub26,0.5,Session 6: 10.0.0.210-10.0.0.125,1.5352,1.7444,0.0333,0.4667,0.232112904
scenario_18,comp3,app4,dev5,sub27,0.8,Session 5: 10.0.0.211-10.0.0.114,8.2301,1.8756,0,0,0.538372558
scenario_18,comp3,app4,dev6,sub28,0.8,Session 1: 10.0.0.211-10.0.0.115,8.2255,1.8865,0,0,0.534072202
scenario_18,comp3,app4,dev11,sub29,0.8,Session 4: 10.0.0.211-10.0.0.124,8.1505,1.7539,0,0,0.591233787
scenario_18,comp4,app2,dev3,sub3,0.2,Session 19: 10.0.0.212-10.0.0.112,2.2727,1.7789,0,0,0.798533184
scenario_18,comp3,app4,dev12,sub30,0.8,Session 6: 10.0.0.211-10.0.0.125,8.1415,1.7071,0,0,0.610761831
scenario_18,comp3,app4,dev17,sub31,0.8,Session 3: 10.0.0.211-10.0.0.134,8.2275,1.8457,0,0,0.550732218
scenario_18,comp3,app4,dev18,sub32,0.8,Session 8: 10.0.0.211-10.0.0.135,7.9829,1.491,0,0,0.705265039
scenario_18,comp3,app4,dev19,sub33,0.8,Session 2: 10.0.0.211-10.0.0.136,8.2745,1.853,0,0,0.545998542
scenario_18,comp3,app4,dev20,sub34,0.8,Session 7: 10.0.0.211-10.0.0.137,8.2091,1.7948,0,0,0.572289788
scenario_18,comp1,app3,dev13,sub35,0.9,Session 1: 10.0.0.210-10.0.0.130,5.8545,1.0657,0.0333,0.4667,0.350611554
scenario_18,comp1,app3,dev14,sub36,0.9,Session 2: 10.0.0.210-10.0.0.131,5.868,1.1118,0.0333,0.4667,0.331204057
scenario_18,comp4,app2,dev4,sub4,0.2,Session 1: 10.0.0.212-10.0.0.113,2.2741,1.5107,0,0,0.908483078
scenario_18,comp4,app2,dev5,sub5,0.4,Session 2: 10.0.0.212-10.0.0.114,2.2726,1.4941,0,0,0.915347055
scenario_18,comp4,app2,dev6,sub6,0.4,Session 20: 10.0.0.212-10.0.0.115,2.3418,1.5845,0,0,0.875708393
scenario_18,comp4,app2,dev7,sub7,0.2,Session 8: 10.0.0.212-10.0.0.120,2.1809,1.5783,0,0,0.88420665
scenario_18,comp4,app2,dev8,sub8,0.2,Session 4: 10.0.0.212-10.0.0.121,2.147,1.4463,0,0,0.939600925
scenario_18,comp4,app2,dev9,sub9,0.2,Session 10: 10.0.0.212-10.0.0.122,2.1792,1.5456,0,0,0.897681414
scenario_19,comp1,app2,dev1,sub1,0.2,Session 1: 10.0.0.210-10.0.0.110,2.4557,1.8392,0,0,0.767027936
scenario_19,comp4,app2,dev10,sub10,0.2,Session 5: 10.0.0.221-10.0.0.123,2.2914,1.7116,0,0,0.825444012
scenario_19,comp4,app2,dev11,sub11,0.4,Session 6: 10.0.0.221-10.0.0.124,2.8144,1.8783,0,0,0.7377147
scenario_19,comp4,app2,dev12,sub12,0.4,Session 4: 10.0.0.221-10.0.0.125,2.8659,1.9708,0,0,0.69786985
scenario_19,comp4,app2,dev13,sub13,0.2,Session 13: 10.0.0.221-10.0.0.130,2.6869,1.9348,0,0,0.71926045
scenario_19,comp4,app2,dev14,sub14,0.2,Session 8: 10.0.0.221-10.0.0.131,2.6913,1.9027,0,0,0.732263347
scenario_19,comp4,app2,dev15,sub15,0.2,Session 3: 10.0.0.221-10.0.0.132,2.6652,1.8686,0,0,0.747215427
scenario_19,comp4,app2,dev16,sub16,0.2,Session 1: 10.0.0.221-10.0.0.133,2.3386,1.752,0,0,0.807127032
scenario_19,comp4,app2,dev17,sub17,0.4,Session 11: 10.0.0.221-10.0.0.134,2.6461,1.8226,0,0,0.76678918
scenario_19,comp4,app2,dev18,sub18,0.4,Session 14: 10.0.0.221-10.0.0.135,2.3115,1.653,0,0,0.848734734
scenario_19,comp4,app2,dev19,sub19,0.4,Session 9: 10.0.0.221-10.0.0.136,2.3513,1.7331,0,0,0.814408769
scenario_19,comp1,app2,dev2,sub2,0.2,Session 6: 10.0.0.210-10.0.0.111,2.2987,1.713,0,0,0.824599612
scenario_19,comp4,app2,dev20,sub20,0.4,Session 12: 10.0.0.221-10.0.0.137,2.5929,1.7219,0,0,0.810060165
scenario_19,comp3,app1,dev7,sub21,0.3,Session 3: 10.0.0.220-10.0.0.120,1.4048,1.7012,0.0333,0.4667,0.254657753
scenario_19,comp3,app1,dev8,sub22,0.3,Session 4: 10.0.0.220-10.0.0.121,1.3826,1.6889,0.0333,0.4667,0.260524256
scenario_19,comp3,app1,dev9,sub23,0.3,Session 5: 10.0.0.220-10.0.0.122,1.3377,1.6129,0.0333,0.4667,0.293357378
scenario_19,comp3,app1,dev10,sub24,0.3,Session 6: 10.0.0.220-10.0.0.123,1.3444,1.6192,0.0333,0.4667,0.29052546
scenario_19,comp3,app1,dev11,sub25,0.5,Session 7: 10.0.0.220-10.0.0.124,1.4047,1.7653,0.0333,0.4667,0.228370963
scenario_19,comp3,app1,dev12,sub26,0.5,Session 8: 10.0.0.220-10.0.0.125,1.3724,1.6883,0.0333,0.4667,0.261147874
scenario_19,comp2,app4,dev5,sub27,0.8,Session 5: 10.0.0.200-10.0.0.114,8.0555,1.577,0,0,0.667305185
scenario_19,comp2,app4,dev6,sub28,0.8,Session 6: 10.0.0.200-10.0.0.115,8.0912,1.635,0,0,0.642195244
scenario_19,comp2,app4,dev11,sub29,0.8,Session 1: 10.0.0.200-10.0.0.124,8.2005,1.8859,0,0,0.535243608
scenario_19,comp1,app2,dev3,sub3,0.2,Session 2: 10.0.0.210-10.0.0.112,2.3218,1.7629,0,0,0.803278231
scenario_19,comp2,app4,dev12,sub30,0.8,Session 3: 10.0.0.200-10.0.0.125,8.1762,1.7903,0,0,0.575353172
scenario_19,comp2,app4,dev17,sub31,0.8,Session 8: 10.0.0.200-10.0.0.134,8.4269,1.9237,0,0,0.511360341
scenario_19,comp2,app4,dev18,sub32,0.8,Session 2: 10.0.0.200-10.0.0.135,8.1516,1.8104,0,0,0.568019707
scenario_19,comp2,app4,dev19,sub33,0.8,Session 4: 10.0.0.200-10.0.0.136,8.1554,1.7188,0,0,0.605448622
scenario_19,comp2,app4,dev20,sub34,0.8,Session 7: 10.0.0.200-10.0.0.137,8.1556,1.7162,0,0,0.606507605
scenario_19,comp3,app3,dev13,sub35,0.9,Session 1: 10.0.0.220-10.0.0.130,5.7304,1.0783,0.0333,0.4667,0.350036961
scenario_19,comp3,app3,dev14,sub36,0.9,Session 2: 10.0.0.220-10.0.0.131,5.7274,1.093,0.0333,0.4667,0.344118822
scenario_19,comp1,app2,dev4,sub4,0.2,Session 4: 10.0.0.210-10.0.0.113,2.4172,1.7796,0,0,0.792897749
scenario_19,comp1,app2,dev5,sub5,0.4,Session 5: 10.0.0.210-10.0.0.114,2.4057,1.9033,0,0,0.742588078
scenario_19,comp1,app2,dev6,sub6,0.4,Session 3: 10.0.0.210-10.0.0.115,2.4882,1.8745,0,0,0.751346797
scenario_19,comp4,app2,dev7,sub7,0.2,Session 7: 10.0.0.221-10.0.0.120,2.3047,1.7437,0,0,0.81178599
scenario_19,comp4,app2,dev8,sub8,0.2,Session 10: 10.0.0.221-10.0.0.121,2.7045,1.6181,0,0,0.848502921
scenario_19,comp4,app2,dev9,sub9,0.2,Session 2: 10.0.0.221-10.0.0.122,2.729,1.7489,0,0,0.793948742
scenario_2,comp3,app2,dev1,sub1,0.2,Session 4: 10.0.0.210-10.0.0.110,2.4446,1.9858,0,0,0.707311069
scenario_2,comp4,app2,dev10,sub10,0.2,Session 2: 10.0.0.221-10.0.0.123,2.3805,1.6735,0,0,0.837772824
scenario_2,comp4,app2,dev11,sub11,0.4,Session 10: 10.0.0.221-10.0.0.124,2.5275,1.6741,0,0,0.832085872
scenario_2,comp4,app2,dev12,sub12,0.4,Session 3: 10.0.0.221-10.0.0.125,2.4177,1.6716,0,0,0.837175234
scenario_2,comp4,app2,dev13,sub13,0.2,Session 13: 10.0.0.221-10.0.0.130,2.7081,1.8523,0,0,0.752312997
scenario_2,comp4,app2,dev14,sub14,0.2,Session 9: 10.0.0.221-10.0.0.131,2.7217,1.9302,0,0,0.71985909
scenario_2,comp4,app2,dev15,sub15,0.2,Session 5: 10.0.0.221-10.0.0.132,2.5854,1.6652,0,0,0.833593156
scenario_2,comp4,app2,dev16,sub16,0.2,Session 6: 10.0.0.221-10.0.0.133,2.5796,1.6555,0,0,0.837786266
scenario_2,comp4,app2,dev17,sub17,0.4,Session 7: 10.0.0.221-10.0.0.134,2.6072,1.668,0,0,0.831637865
scenario_2,comp4,app2,dev18,sub18,0.4,Session 1: 10.0.0.221-10.0.0.135,2.5391,1.6508,0,0,0.841212975
scenario_2,comp4,app2,dev19,sub19,0.4,Session 11: 10.0.0.221-10.0.0.136,2.5218,1.6688,0,0,0.834470629
scenario_2,comp3,app2,dev2,sub2,0.2,Session 7: 10.0.0.210-10.0.0.111,2.4081,1.7689,0,0,0.797623148
scenario_2,comp4,app2,dev20,sub20,0.4,Session 4: 10.0.0.221-10.0.0.137,2.3917,1.611,0,0,0.862992536
scenario_2,comp2,app1,dev7,sub21,0.3,Session 1: 10.0.0.200-10.0.0.120,1.5629,1.7685,0.0333,0.4667,0.221203084
scenario_2,comp2,app1,dev8,sub22,0.3,Session 2: 10.0.0.200-10.0.0.121,1.5708,1.8382,0.0333,0.4667,0.192323363
scenario_2,comp2,app1,dev9,sub23,0.3,Session 3: 10.0.0.200-10.0.0.122,1.5279,1.7409,0.0333,0.4667,0.233818614
scenario_2,comp2,app1,dev10,sub24,0.3,Session 4: 10.0.0.200-10.0.0.123,1.5117,1.7153,0.0333,0.4667,0.24491801
scenario_2,comp2,app1,dev11,sub25,0.5,Session 5: 10.0.0.200-10.0.0.124,7.697,1.6212,0.0333,0.5333,0.016500336
scenario_2,comp2,app1,dev12,sub26,0.5,Session 6: 10.0.0.200-10.0.0.125,7.7782,1.7272,0.0333,0.4667,0.008097323
scenario_2,comp3,app4,dev5,sub27,0.8,Session 3: 10.0.0.210-10.0.0.114,2.3185,1.747,0,0,0.809921727
scenario_2,comp3,app4,dev6,sub28,0.8,Session 5: 10.0.0.210-10.0.0.115,2.3232,1.7511,0,0,0.80806616
scenario_2,comp2,app4,dev11,sub29,0.8,Session 11: 10.0.0.200-10.0.0.124,1.5406,1.8244,0.0333,0.4667,0.19910119
scenario_2,comp3,app2,dev3,sub3,0.2,Session 8: 10.0.0.210-10.0.0.112,2.3755,1.7217,0,0,0.81818875
scenario_2,comp2,app4,dev12,sub30,0.8,Session 12: 10.0.0.200-10.0.0.125,1.4792,1.7278,0.0333,0.4667,0.240994071
scenario_2,comp2,app4,dev17,sub31,0.8,Session 7: 10.0.0.200-10.0.0.134,7.8036,1.6445,0.0333,0.5333,0.002998335
scenario_2,comp2,app4,dev18,sub32,0.8,Session 8: 10.0.0.200-10.0.0.135,7.7265,1.5442,0.0333,0.5333,0.046989863
scenario_2,comp2,app4,dev19,sub33,0.8,Session 9: 10.0.0.200-10.0.0.136,7.6778,1.5458,0.0333,0.5667,0.029039913
scenario_2,comp2,app4,dev20,sub34,0.8,Session 10: 10.0.0.200-10.0.0.137,7.6378,1.5821,0.0333,0.5333,0.034728276
scenario_2,comp1,app3,dev13,sub35,0.9,Session 1: 10.0.0.220-10.0.0.130,6.1807,1.1929,0,0,0.894234421
scenario_2,comp1,app3,dev14,sub36,0.9,Session 2: 10.0.0.220-10.0.0.131,6.1811,1.2068,0,0,0.888518558
scenario_2,comp3,app2,dev4,sub4,0.2,Session 6: 10.0.0.210-10.0.0.113,2.3609,1.7041,0,0,0.825947741
scenario_2,comp3,app2,dev5,sub5,0.4,Session 2: 10.0.0.210-10.0.0.114,7.9646,1.4456,0,0,0.724563093
scenario_2,comp3,app2,dev6,sub6,0.4,Session 1: 10.0.0.210-10.0.0.115,7.9272,1.342,0,0,0.768438707
scenario_2,comp4,app2,dev7,sub7,0.2,Session 12: 10.0.0.221-10.0.0.120,2.4882,1.6545,0,0,0.841579372
scenario_2,comp4,app2,dev8,sub8,0.2,Session 14: 10.0.0.221-10.0.0.121,2.5516,1.728,0,0,0.809086886
scenario_2,comp4,app2,dev9,sub9,0.2,Session 8: 10.0.0.221-10.0.0.122,2.3136,1.6025,0,0,0.869369485
scenario_3,comp2,app2,dev1,sub1,0.2,Session 4: 10.0.0.200-10.0.0.110,2.3832,1.3549,0.0333,0.3333,0.436749402
scenario_3,comp1,app2,dev10,sub10,0.2,Session 17: 10.0.0.210-10.0.0.123,1.3576,1.882,0,0,0.790117216
scenario_3,comp1,app2,dev11,sub11,0.4,Session 12: 10.0.0.210-10.0.0.124,2.7438,1.7026,0,0,0.812390811
scenario_3,comp1,app2,dev12,sub12,0.4,Session 13: 10.0.0.210-10.0.0.125,2.6911,1.6434,0,0,0.838622144
scenario_3,comp3,app2,dev13,sub13,0.2,Session 2: 10.0.0.220-10.0.0.130,2.7356,1.9852,0,0,0.69678647
scenario_3,comp3,app2,dev14,sub14,0.2,Session 7: 10.0.0.220-10.0.0.131,2.7409,1.9792,0,0,0.699051191
scenario_3,comp3,app2,dev15,sub15,0.2,Session 1: 10.0.0.220-10.0.0.132,2.5886,1.7608,0,0,0.79426456
scenario_3,comp3,app2,dev16,sub16,0.2,Session 8: 10.0.0.220-10.0.0.133,2.5831,1.7268,0,0,0.808413164
scenario_3,comp3,app2,dev17,sub17,0.4,Session 3: 10.0.0.220-10.0.0.134,2.423,1.5878,0,0,0.871349475
scenario_3,comp3,app2,dev18,sub18,0.4,Session 4: 10.0.0.220-10.0.0.135,2.5482,1.6709,0,0,0.832632183
scenario_3,comp3,app2,dev19,sub19,0.4,Session 6: 10.0.0.220-10.0.0.136,2.3906,1.74,0,0,0.810124149
scenario_3,comp2,app2,dev2,sub2,0.2,Session 3: 10.0.0.200-10.0.0.111,2.366,1.3636,0.0333,0.3333,0.433817732
scenario_3,comp3,app2,dev20,sub20,0.4,Session 5: 10.0.0.220-10.0.0.137,2.3703,1.6811,0,0,0.835033228
scenario_3,comp1,app1,dev7,sub21,0.3,Session 14: 10.0.0.210-10.0.0.120,2.7028,1.6273,0,0,0.84479248
scenario_3,comp1,app1,dev8,sub22,0.3,Session 10: 10.0.0.210-10.0.0.121,2.7132,1.6458,0,0,0.836819809
scenario_3,comp1,app1,dev9,sub23,0.3,Session 9: 10.0.0.210-10.0.0.122,2.6691,1.6037,0,0,0.855719301
scenario_3,comp1,app1,dev10,sub24,0.3,Session 11: 10.0.0.210-10.0.0.123,2.7205,1.6377,0,0,0.839871816
scenario_3,comp1,app1,dev11,sub25,0.5,Session 8: 10.0.0.210-10.0.0.124,8.3403,1.6585,0,0,0.623336907
scenario_3,comp1,app1,dev12,sub26,0.5,Session 4: 10.0.0.210-10.0.0.125,8.5742,2.0252,0,0,0.464278345
scenario_3,comp1,app4,dev5,sub27,0.8,Session 2: 10.0.0.210-10.0.0.114,8.5336,1.9993,0,0,0.476403895
scenario_3,comp1,app4,dev6,sub28,0.8,Session 6: 10.0.0.210-10.0.0.115,8.329,1.6425,0,0,0.63031752
scenario_3,comp1,app4,dev11,sub29,0.8,Session 19: 10.0.0.210-10.0.0.124,1.4105,1.9685,0,0,0.752681438
scenario_3,comp2,app2,dev3,sub3,0.2,Session 1: 10.0.0.200-10.0.0.112,2.3733,1.3428,0.0333,0.3333,0.442078619
scenario_3,comp1,app4,dev12,sub30,0.8,Session 18: 10.0.0.210-10.0.0.125,1.3303,1.8263,0,0,0.81397291
scenario_3,comp1,app4,dev17,sub31,0.8,Session 1: 10.0.0.210-10.0.0.134,8.4574,1.895,0,0,0.522002705
scenario_3,comp1,app4,dev18,sub32,0.8,Session 7: 10.0.0.210-10.0.0.135,8.2838,1.6865,0,0,0.613943978
scenario_3,comp1,app4,dev19,sub33,0.8,Session 5: 10.0.0.210-10.0.0.136,8.3648,1.8451,0,0,0.545896467
scenario_3,comp1,app4,dev20,sub34,0.8,Session 3: 10.0.0.210-10.0.0.137,8.503,1.8538,0,0,0.537213027
scenario_3,comp4,app3,dev13,sub35,0.9,Session 1: 10.0.0.221-10.0.0.130,6.1808,1.2149,0,0,0.885207462
scenario_3,comp4,app3,dev14,sub36,0.9,Session 2: 10.0.0.221-10.0.0.131,6.167,1.2076,0,0,0.888712318
scenario_3,comp2,app2,dev4,sub4,0.2,Session 2: 10.0.0.200-10.0.0.113,2.2209,1.3794,0.0333,0.4,0.394572645
scenario_3,comp2,app2,dev5,sub5,0.4,Session 5: 10.0.0.200-10.0.0.114,2.175,1.3166,0.0333,0.4,0.422028825
scenario_3,comp2,app2,dev6,sub6,0.4,Session 6: 10.0.0.200-10.0.0.115,2.2126,1.494,0.0333,0.4667,0.309741595
scenario_3,comp1,app2,dev7,sub7,0.2,Session 16: 10.0.0.210-10.0.0.120,1.3883,1.9234,0,0,0.772000797
scenario_3,comp1,app2,dev8,sub8,0.2,Session 15: 10.0.0.210-10.0.0.121,1.3939,1.9186,0,0,0.773762237
scenario_3,comp1,app2,dev9,sub9,0.2,Session 20: 10.0.0.210-10.0.0.122,1.3359,1.8525,0,0,0.803019759
scenario_4,comp1,app2,dev1,sub1,0.2,Session 3: 10.0.0.210-10.0.0.110,2.4607,1.7064,0.0333,0.3,0.308752929
scenario_4,comp1,app2,dev10,sub10,0.2,Session 12: 10.0.0.210-10.0.0.123,2.2439,1.1896,0.0333,0.4667,0.433432171
scenario_4,comp1,app2,dev11,sub11,0.4,Session 13: 10.0.0.210-10.0.0.124,2.1903,1.2504,0.0333,0.4667,0.410479047
scenario_4,comp1,app2,dev12,sub12,0.4,Session 20: 10.0.0.210-10.0.0.125,2.3827,1.4088,0.0333,0.4667,0.338390354
scenario_4,comp1,app2,dev13,sub13,0.2,Session 1: 10.0.0.210-10.0.0.130,5.8028,1.0748,0.0333,0.4667,0.348792762
scenario_4,comp1,app2,dev14,sub14,0.2,Session 2: 10.0.0.210-10.0.0.131,5.7666,1.0662,0.0333,0.4667,0.353659894
scenario_4,comp1,app2,dev15,sub15,0.2,Session 14: 10.0.0.210-10.0.0.132,2.4613,1.4596,0.0333,0.4667,0.314645636
scenario_4,comp1,app2,dev16,sub16,0.2,Session 15: 10.0.0.210-10.0.0.133,2.4547,1.394,0.0333,0.4667,0.341795633
scenario_4,comp1,app2,dev17,sub17,0.4,Session 18: 10.0.0.210-10.0.0.134,2.4338,1.3914,0.0333,0.4667,0.343635583
scenario_4,comp1,app2,dev18,sub18,0.4,Session 19: 10.0.0.210-10.0.0.135,2.4744,1.4484,0.0333,0.4667,0.318754429
scenario_4,comp1,app2,dev19,sub19,0.4,Session 16: 10.0.0.210-10.0.0.136,2.5251,1.4511,0.0333,0.4667,0.315770486
scenario_4,comp1,app2,dev2,sub2,0.2,Session 4: 10.0.0.210-10.0.0.111,2.22,1.6043,0.0333,0.3333,0.340498941
scenario_4,comp1,app2,dev20,sub20,0.4,Session 17: 10.0.0.210-10.0.0.137,2.4136,1.4082,0.0333,0.4667,0.337492752
scenario_4,comp2,app1,dev7,sub21,0.3,Session 12: 10.0.0.200-10.0.0.120,1.5309,2.264,0,0,0.627026357
scenario_4,comp2,app1,dev8,sub22,0.3,Session 11: 10.0.0.200-10.0.0.121,1.4649,2.151,0,0,0.675815925
scenario_4,comp2,app1,dev9,sub23,0.3,Session 7: 10.0.0.200-10.0.0.122,1.5161,2.2139,0,0,0.648122563
scenario_4,comp2,app1,dev10,sub24,0.3,Session 8: 10.0.0.200-10.0.0.123,1.49,2.1843,0,0,0.661228976
scenario_4,comp2,app1,dev11,sub25,0.5,Session 6: 10.0.0.200-10.0.0.124,8.5192,2.0106,0,0,0.472302204
scenario_4,comp2,app1,dev12,sub26,0.5,Session 3: 10.0.0.200-10.0.0.125,8.6664,1.9503,0,0,0.491585867
scenario_4,comp1,app4,dev5,sub27,0.8,Session 22: 10.0.0.210-10.0.0.114,2.3819,1.4876,0.0333,0.3333,0.382370869
scenario_4,comp1,app4,dev6,sub28,0.8,Session 23: 10.0.0.210-10.0.0.115,2.3596,1.4025,0.0333,0.3333,0.418099853
scenario_4,comp2,app4,dev11,sub29,0.8,Session 9: 10.0.0.200-10.0.0.124,1.55,2.2813,0,0,0.619223853
scenario_4,comp1,app2,dev3,sub3,0.2,Session 5: 10.0.0.210-10.0.0.112,2.388,1.5722,0.0333,0.4,0.309311279
scenario_4,comp2,app4,dev12,sub30,0.8,Session 10: 10.0.0.200-10.0.0.125,1.5593,2.3161,0,0,0.604606482
scenario_4,comp2,app4,dev17,sub31,0.8,Session 2: 10.0.0.200-10.0.0.134,8.4472,1.8276,0,0,0.550024214
scenario_4,comp2,app4,dev18,sub32,0.8,Session 5: 10.0.0.200-10.0.0.135,8.4825,1.91,0,0,0.514921465
scenario_4,comp2,app4,dev19,sub33,0.8,Session 4: 10.0.0.200-10.0.0.136,8.5291,1.9337,0,0,0.503476165
scenario_4,comp2,app4,dev20,sub34,0.8,Session 1: 10.0.0.200-10.0.0.137,8.4564,1.7659,0,0,0.574989833
scenario_4,comp1,app3,dev13,sub35,0.9,Session 21: 10.0.0.210-10.0.0.130,2.2604,1.3217,0.0333,0.4667,0.378640901
scenario_4,comp1,app3,dev14,sub36,0.9,Session 24: 10.0.0.210-10.0.0.131,2.3377,1.4883,0.0333,0.4667,0.307449153
scenario_4,comp1,app2,dev4,sub4,0.2,Session 6: 10.0.0.210-10.0.0.113,2.4238,1.5764,0.0333,0.4,0.306263603
scenario_4,comp1,app2,dev5,sub5,0.4,Session 7: 10.0.0.210-10.0.0.114,7.6807,1.2568,0.0333,0.3333,0.280910284
scenario_4,comp1,app2,dev6,sub6,0.4,Session 8: 10.0.0.210-10.0.0.115,7.7975,1.3665,0.0333,0.3333,0.23159396
scenario_4,comp1,app2,dev7,sub7,0.2,Session 9: 10.0.0.210-10.0.0.120,2.4416,1.3884,0.0333,0.4,0.382712615
scenario_4,comp1,app2,dev8,sub8,0.2,Session 10: 10.0.0.210-10.0.0.121,2.345,1.3186,0.0333,0.4667,0.376781088
scenario_4,comp1,app2,dev9,sub9,0.2,Session 11: 10.0.0.210-10.0.0.122,2.2805,1.2241,0.0333,0.4667,0.417927398
scenario_5,comp1,app2,dev1,sub1,0.2,Session 3: 10.0.0.210-10.0.0.110,2.2096,1.619,0.0333,0.3333,0.334854697
scenario_5,comp1,app2,dev10,sub10,0.2,Session 9: 10.0.0.210-10.0.0.123,2.2733,1.4164,0.0333,0.4667,0.339322416
scenario_5,comp1,app2,dev11,sub11,0.4,Session 10: 10.0.0.210-10.0.0.124,7.8288,1.512,0.0333,0.4667,0.094488347
scenario_5,comp1,app2,dev12,sub12,0.4,Session 14: 10.0.0.210-10.0.0.125,7.6216,1.5145,0.0333,0.4667,0.101132003
scenario_5,comp1,app2,dev13,sub13,0.2,Session 1: 10.0.0.210-10.0.0.130,5.8163,1.0973,0.0333,0.5,0.320025703
scenario_5,comp1,app2,dev14,sub14,0.2,Session 2: 10.0.0.210-10.0.0.131,5.7941,1.0755,0.0333,0.4667,0.348827668
scenario_5,comp1,app2,dev15,sub15,0.2,Session 19: 10.0.0.210-10.0.0.132,2.349,1.433,0.0333,0.4667,0.329712098
scenario_5,comp1,app2,dev16,sub16,0.2,Session 18: 10.0.0.210-10.0.0.133,2.3754,1.4364,0.0333,0.4667,0.32734046
scenario_5,comp1,app2,dev17,sub17,0.4,Session 20: 10.0.0.210-10.0.0.134,2.4902,1.3626,0.0333,0.4667,0.353360333
scenario_5,comp1,app2,dev18,sub18,0.4,Session 17: 10.0.0.210-10.0.0.135,2.3925,1.4034,0.0333,0.4667,0.34024243
scenario_5,comp1,app2,dev19,sub19,0.4,Session 15: 10.0.0.210-10.0.0.136,2.3933,1.4452,0.0333,0.4667,0.32306863
scenario_5,comp1,app2,dev2,sub2,0.2,Session 8: 10.0.0.210-10.0.0.111,2.3078,1.6651,0.0333,0.3333,0.312312226
scenario_5,comp1,app2,dev20,sub20,0.4,Session 16: 10.0.0.210-10.0.0.137,2.3586,1.3945,0.0333,0.4667,0.345147477
scenario_5,comp3,app1,dev7,sub21,0.3,Session 5: 10.0.0.220-10.0.0.120,1.5524,2.2325,0,0,0.639150248
scenario_5,comp3,app1,dev8,sub22,0.3,Session 4: 10.0.0.220-10.0.0.121,1.4799,2.1086,0,0,0.692651013
scenario_5,comp3,app1,dev9,sub23,0.3,Session 1: 10.0.0.220-10.0.0.122,1.4619,2.1081,0,0,0.693522315
scenario_5,comp3,app1,dev10,sub24,0.3,Session 2: 10.0.0.220-10.0.0.123,1.4296,2.0231,0,0,0.729580411
scenario_5,comp3,app1,dev11,sub25,0.5,Session 3: 10.0.0.220-10.0.0.124,1.4964,2.1657,0,0,0.668620849
scenario_5,comp3,app1,dev12,sub26,0.5,Session 6: 10.0.0.220-10.0.0.125,1.4866,2.1074,0,0,0.692895206
scenario_5,comp1,app4,dev5,sub27,0.8,Session 24: 10.0.0.210-10.0.0.114,2.2657,1.3149,0.0333,0.3333,0.457504314
scenario_5,comp1,app4,dev6,sub28,0.8,Session 23: 10.0.0.210-10.0.0.115,2.2271,1.2866,0.0333,0.3333,0.470540193
scenario_5,comp1,app4,dev11,sub29,0.8,Session 25: 10.0.0.210-10.0.0.124,2.2832,1.4353,0.0333,0.4667,0.331204192
scenario_5,comp1,app2,dev3,sub3,0.2,Session 7: 10.0.0.210-10.0.0.112,2.3149,1.6451,0.0333,0.3333,0.320252397
scenario_5,comp1,app4,dev12,sub30,0.8,Session 26: 10.0.0.210-10.0.0.125,2.2796,1.5875,0.0333,0.4667,0.268912901
scenario_5,comp2,app4,dev17,sub31,0.8,Session 2: 10.0.0.200-10.0.0.134,8.0755,1.5762,0,0,0.66689305
scenario_5,comp2,app4,dev18,sub32,0.8,Session 3: 10.0.0.200-10.0.0.135,8.0759,1.668,0,0,0.629226652
scenario_5,comp2,app4,dev19,sub33,0.8,Session 4: 10.0.0.200-10.0.0.136,8.0849,1.6493,0,0,0.636563307
scenario_5,comp2,app4,dev20,sub34,0.8,Session 1: 10.0.0.200-10.0.0.137,8.0562,1.6146,0,0,0.651857709
scenario_5,comp1,app3,dev13,sub35,0.9,Session 21: 10.0.0.210-10.0.0.130,2.1688,1.2627,0.0333,0.4667,0.406229999
scenario_5,comp1,app3,dev14,sub36,0.9,Session 22: 10.0.0.210-10.0.0.131,2.2386,1.31,0.0333,0.4667,0.38424651
scenario_5,comp1,app2,dev4,sub4,0.2,Session 6: 10.0.0.210-10.0.0.113,2.2989,1.3703,0.0333,0.4,0.395418004
scenario_5,comp1,app2,dev5,sub5,0.4,Session 5: 10.0.0.210-10.0.0.114,7.7868,1.4759,0.0333,0.3333,0.187119797
scenario_5,comp1,app2,dev6,sub6,0.4,Session 4: 10.0.0.210-10.0.0.115,7.8044,1.4583,0.0333,0.3333,0.19368698
scenario_5,comp1,app2,dev7,sub7,0.2,Session 12: 10.0.0.210-10.0.0.120,2.2653,1.3257,0.0333,0.4,0.414954233
scenario_5,comp1,app2,dev8,sub8,0.2,Session 13: 10.0.0.210-10.0.0.121,2.284,1.3745,0.0333,0.4,0.394246871
scenario_5,comp1,app2,dev9,sub9,0.2,Session 11: 10.0.0.210-10.0.0.122,2.2504,1.3649,0.0333,0.4667,0.361292631
scenario_6,comp4,app2,dev1,sub1,0.2,Session 15: 10.0.0.212-10.0.0.110,2.6049,1.789,0,0,0.782095078
scenario_6,comp4,app2,dev10,sub10,0.2,Session 3: 10.0.0.212-10.0.0.123,2.4702,1.617,0,0,0.857626153
scenario_6,comp4,app2,dev11,sub11,0.4,Session 10: 10.0.0.212-10.0.0.124,2.4238,2.015,0,0,0.696104609
scenario_6,comp4,app2,dev12,sub12,0.4,Session 7: 10.0.0.212-10.0.0.125,2.3289,1.7373,0,0,0.813515231
scenario_6,comp4,app2,dev13,sub13,0.2,Session 4: 10.0.0.212-10.0.0.130,2.332,1.6494,0,0,0.849452507
scenario_6,comp4,app2,dev14,sub14,0.2,Session 6: 10.0.0.212-10.0.0.131,2.2749,1.6604,0,0,0.847054302
scenario_6,comp4,app2,dev15,sub15,0.2,Session 2: 10.0.0.212-10.0.0.132,2.4586,1.6446,0,0,0.846735413
scenario_6,comp4,app2,dev16,sub16,0.2,Session 8: 10.0.0.212-10.0.0.133,2.4838,1.6725,0,0,0.834359563
scenario_6,comp4,app2,dev17,sub17,0.4,Session 16: 10.0.0.212-10.0.0.134,2.4773,1.7466,0,0,0.804208173
scenario_6,comp4,app2,dev18,sub18,0.4,Session 5: 10.0.0.212-10.0.0.135,2.3124,1.6247,0,0,0.860308613
scenario_6,comp4,app2,dev19,sub19,0.4,Session 17: 10.0.0.212-10.0.0.136,2.3369,1.6601,0,0,0.844882561
scenario_6,comp4,app2,dev2,sub2,0.2,Session 12: 10.0.0.212-10.0.0.111,2.5569,1.8748,0,0,0.748680982
scenario_6,comp4,app2,dev20,sub20,0.4,Session 1: 10.0.0.212-10.0.0.137,2.4501,1.8124,0,0,0.778227175
scenario_6,comp2,app1,dev7,sub21,0.3,Session 11: 10.0.0.200-10.0.0.120,1.338,1.8718,0,0,0.795026175
scenario_6,comp2,app1,dev8,sub22,0.3,Session 10: 10.0.0.200-10.0.0.121,1.347,1.909,0,0,0.779435553
scenario_6,comp2,app1,dev9,sub23,0.3,Session 13: 10.0.0.200-10.0.0.122,1.2984,1.807,0,0,0.823069472
scenario_6,comp2,app1,dev10,sub24,0.3,Session 12: 10.0.0.200-10.0.0.123,1.3602,1.8912,0,0,0.786247621
scenario_6,comp2,app1,dev11,sub25,0.5,Session 6: 10.0.0.200-10.0.0.124,8.3798,1.7613,0,0,0.579711685
scenario_6,comp2,app1,dev12,sub26,0.5,Session 3: 10.0.0.200-10.0.0.125,8.2905,1.7319,0,0,0.59507527
scenario_6,comp1,app4,dev5,sub27,0.8,Session 1: 10.0.0.210-10.0.0.114,7.7049,1.3441,0.0333,0.4,0.206073364
scenario_6,comp1,app4,dev6,sub28,0.8,Session 2: 10.0.0.210-10.0.0.115,7.4687,1.3224,0.0333,0.4667,0.185580685
scenario_6,comp2,app4,dev11,sub29,0.8,Session 9: 10.0.0.200-10.0.0.124,1.3821,1.9244,0,0,0.771820127
scenario_6,comp4,app2,dev3,sub3,0.2,Session 19: 10.0.0.212-10.0.0.112,2.4781,1.7716,0,0,0.793924861
scenario_6,comp2,app4,dev12,sub30,0.8,Session 14: 10.0.0.200-10.0.0.125,1.3374,1.8735,0,0,0.794351131
scenario_6,comp2,app4,dev17,sub31,0.8,Session 7: 10.0.0.200-10.0.0.134,8.3192,1.7115,0,0,0.602380027
scenario_6,comp2,app4,dev18,sub32,0.8,Session 4: 10.0.0.200-10.0.0.135,8.2332,1.6856,0,0,0.616185952
scenario_6,comp2,app4,dev19,sub33,0.8,Session 8: 10.0.0.200-10.0.0.136,8.2745,1.6539,0,0,0.627659022
scenario_6,comp2,app4,dev20,sub34,0.8,Session 5: 10.0.0.200-10.0.0.137,8.338,1.714,0,0,0.600658819
scenario_6,comp2,app3,dev13,sub35,0.9,Session 2: 10.0.0.200-10.0.0.130,6.2013,1.2142,0,0,0.884735806
scenario_6,comp2,app3,dev14,sub36,0.9,Session 1: 10.0.0.200-10.0.0.131,6.1629,1.1683,0,0,0.904982889
scenario_6,comp4,app2,dev4,sub4,0.2,Session 20: 10.0.0.212-10.0.0.113,2.4886,1.7759,0,0,0.791772591
scenario_6,comp4,app2,dev5,sub5,0.4,Session 18: 10.0.0.212-10.0.0.114,2.4894,1.752,0,0,0.80154552
scenario_6,comp4,app2,dev6,sub6,0.4,Session 13: 10.0.0.212-10.0.0.115,2.6944,1.9192,0,0,0.725381165
scenario_6,comp4,app2,dev7,sub7,0.2,Session 9: 10.0.0.212-10.0.0.120,2.6741,1.9499,0,0,0.713540976
scenario_6,comp4,app2,dev8,sub8,0.2,Session 14: 10.0.0.212-10.0.0.121,2.5747,1.7022,0,0,0.818813713
scenario_6,comp4,app2,dev9,sub9,0.2,Session 11: 10.0.0.212-10.0.0.122,2.5875,1.7904,0,0,0.782164891
scenario_7,comp4,app2,dev1,sub1,0.2,Session 9: 10.0.0.210-10.0.0.110,2.1907,1.5254,0,0,0.905540759
scenario_7,comp4,app2,dev10,sub10,0.2,Session 24: 10.0.0.210-10.0.0.123,1.3462,1.8728,0,0,0.794312523
scenario_7,comp4,app2,dev11,sub11,0.4,Session 27: 10.0.0.210-10.0.0.124,1.435,2.0323,0,0,0.72560718
scenario_7,comp4,app2,dev12,sub12,0.4,Session 28: 10.0.0.210-10.0.0.125,1.3904,1.951,0,0,0.760602984
scenario_7,comp4,app2,dev13,sub13,0.2,Session 1: 10.0.0.210-10.0.0.130,6.1908,1.2251,0,0,0.880653825
scenario_7,comp4,app2,dev14,sub14,0.2,Session 2: 10.0.0.210-10.0.0.131,6.1636,1.1731,0,0,0.902988269
scenario_7,comp4,app2,dev15,sub15,0.2,Session 18: 10.0.0.210-10.0.0.132,2.2353,1.4923,0,0,0.917465895
scenario_7,comp4,app2,dev16,sub16,0.2,Session 20: 10.0.0.210-10.0.0.133,2.2924,1.6963,0,0,0.831682265
scenario_7,comp4,app2,dev17,sub17,0.4,Session 22: 10.0.0.210-10.0.0.134,2.4037,1.5915,0,0,0.870546272
scenario_7,comp4,app2,dev18,sub18,0.4,Session 13: 10.0.0.210-10.0.0.135,2.3886,1.6121,0,0,0.862656113
scenario_7,comp4,app2,dev19,sub19,0.4,Session 21: 10.0.0.210-10.0.0.136,2.3589,1.5112,0,0,0.90513933
scenario_7,comp4,app2,dev2,sub2,0.2,Session 7: 10.0.0.210-10.0.0.111,2.2006,1.5524,0,0,0.894100335
scenario_7,comp4,app2,dev20,sub20,0.4,Session 16: 10.0.0.210-10.0.0.137,2.3865,1.6474,0,0,0.848255613
scenario_7,comp4,app1,dev7,sub21,0.3,Session 19: 10.0.0.210-10.0.0.120,2.3766,1.7241,0,0,0.817163681
scenario_7,comp4,app1,dev8,sub22,0.3,Session 12: 10.0.0.210-10.0.0.121,2.246,1.6317,0,0,0.859895218
scenario_7,comp4,app1,dev9,sub23,0.3,Session 11: 10.0.0.210-10.0.0.122,2.3875,1.5572,0,0,0.885213956
scenario_7,comp4,app1,dev10,sub24,0.3,Session 8: 10.0.0.210-10.0.0.123,2.3815,1.5885,0,0,0.872598397
scenario_7,comp4,app1,dev11,sub25,0.5,Session 14: 10.0.0.210-10.0.0.124,2.3799,1.5681,0,0,0.881024638
scenario_7,comp4,app1,dev12,sub26,0.5,Session 6: 10.0.0.210-10.0.0.125,2.4511,1.621,0,0,0.856692503
scenario_7,comp1,app4,dev5,sub27,0.8,Session 3: 10.0.0.220-10.0.0.114,8.1159,1.5854,0.0333,0.4,0.091892426
scenario_7,comp1,app4,dev6,sub28,0.8,Session 4: 10.0.0.220-10.0.0.115,8.1081,1.8086,0.0333,0.4,0.000636075
scenario_7,comp1,app4,dev11,sub29,0.8,Session 1: 10.0.0.220-10.0.0.124,7.6194,1.6031,0.0333,0.4667,0.064874312
scenario_7,comp4,app2,dev3,sub3,0.2,Session 10: 10.0.0.210-10.0.0.112,2.4399,1.6254,0,0,0.855302393
scenario_7,comp1,app4,dev12,sub30,0.8,Session 2: 10.0.0.220-10.0.0.125,7.8343,1.6972,0.0333,0.4667,0.018325354
scenario_7,comp1,app4,dev17,sub31,0.8,Session 5: 10.0.0.220-10.0.0.134,8.0165,1.7047,0.0333,0.4667,0.008505535
scenario_7,comp1,app4,dev18,sub32,0.8,Session 6: 10.0.0.220-10.0.0.135,8.069,1.7207,0.0333,0.4667,0
scenario_7,comp1,app4,dev19,sub33,0.8,Session 7: 10.0.0.220-10.0.0.136,7.95,1.7038,0.0333,0.4667,0.011336011
scenario_7,comp1,app4,dev20,sub34,0.8,Session 8: 10.0.0.220-10.0.0.137,7.909,1.7196,0.0333,0.4667,0.006373191
scenario_7,comp4,app3,dev13,sub35,0.9,Session 15: 10.0.0.210-10.0.0.130,2.3577,1.6834,0,0,0.834556247
scenario_7,comp4,app3,dev14,sub36,0.9,Session 17: 10.0.0.210-10.0.0.131,2.3065,1.609,0,0,0.866966312
scenario_7,comp4,app2,dev4,sub4,0.2,Session 4: 10.0.0.210-10.0.0.113,2.3489,1.4849,0,0,0.916296351
scenario_7,comp4,app2,dev5,sub5,0.4,Session 3: 10.0.0.210-10.0.0.114,2.3791,1.5298,0,0,0.896762919
scenario_7,comp4,app2,dev6,sub6,0.4,Session 5: 10.0.0.210-10.0.0.115,2.3989,1.5099,0,0,0.904192015
scenario_7,comp4,app2,dev7,sub7,0.2,Session 23: 10.0.0.210-10.0.0.120,1.3877,1.9666,0,0,0.754304608
scenario_7,comp4,app2,dev8,sub8,0.2,Session 26: 10.0.0.210-10.0.0.121,1.3406,1.8869,0,0,0.788736706
scenario_7,comp4,app2,dev9,sub9,0.2,Session 25: 10.0.0.210-10.0.0.122,1.358,1.9168,0,0,0.775829258
scenario_8,comp1,app2,dev1,sub1,0.2,Session 4: 10.0.0.210-10.0.0.110,2.2049,1.5399,0,0,0.899068032
scenario_8,comp3,app2,dev10,sub10,0.2,Session 9: 10.0.0.220-10.0.0.123,1.4099,1.7589,0.0333,0.4667,0.230803445
scenario_8,comp3,app2,dev11,sub11,0.4,Session 8: 10.0.0.220-10.0.0.124,1.4528,1.8293,0.0333,0.4667,0.200341177
scenario_8,comp3,app2,dev12,sub12,0.4,Session 7: 10.0.0.220-10.0.0.125,1.3462,1.5795,0.0333,0.4667,0.306741716
scenario_8,comp2,app2,dev13,sub13,0.2,Session 8: 10.0.0.200-10.0.0.130,2.9263,2.181,0,0,0.609421161
scenario_8,comp2,app2,dev14,sub14,0.2,Session 6: 10.0.0.200-10.0.0.131,2.4549,1.9745,0,0,0.711564512
scenario_8,comp2,app2,dev15,sub15,0.2,Session 5: 10.0.0.200-10.0.0.132,2.3958,1.851,0,0,0.764405248
scenario_8,comp2,app2,dev16,sub16,0.2,Session 3: 10.0.0.200-10.0.0.133,2.8568,1.9959,0,0,0.687911949
scenario_8,comp2,app2,dev17,sub17,0.4,Session 4: 10.0.0.200-10.0.0.134,2.8563,1.9944,0,0,0.688545678
scenario_8,comp2,app2,dev18,sub18,0.4,Session 2: 10.0.0.200-10.0.0.135,2.8655,1.9813,0,0,0.693578101
scenario_8,comp2,app2,dev19,sub19,0.4,Session 7: 10.0.0.200-10.0.0.136,2.8401,1.9925,0,0,0.689924564
scenario_8,comp1,app2,dev2,sub2,0.2,Session 3: 10.0.0.210-10.0.0.111,2.2179,1.5727,0,0,0.88513401
scenario_8,comp2,app2,dev20,sub20,0.4,Session 1: 10.0.0.200-10.0.0.137,2.8809,2.0429,0,0,0.667742984
scenario_8,comp3,app1,dev7,sub21,0.3,Session 6: 10.0.0.220-10.0.0.120,2.2859,1.3708,0.0333,0.4667,0.357558808
scenario_8,comp3,app1,dev8,sub22,0.3,Session 5: 10.0.0.220-10.0.0.121,2.2921,1.3689,0.0333,0.4667,0.358108611
scenario_8,comp3,app1,dev9,sub23,0.3,Session 4: 10.0.0.220-10.0.0.122,2.2987,1.424,0.0333,0.4667,0.335265168
scenario_8,comp3,app1,dev10,sub24,0.3,Session 3: 10.0.0.220-10.0.0.123,2.3263,1.4366,0.0333,0.4667,0.329075753
scenario_8,comp3,app1,dev11,sub25,0.5,Session 2: 10.0.0.220-10.0.0.124,2.0159,1.2054,0.0333,0.4667,0.435390721
scenario_8,comp3,app1,dev12,sub26,0.5,Session 1: 10.0.0.220-10.0.0.125,2.054,1.2619,0.0333,0.4667,0.410807172
scenario_8,comp4,app4,dev5,sub27,0.8,Session 1: 10.0.0.211-10.0.0.114,8.1615,1.4881,0,0.0333,0.680804949
scenario_8,comp4,app4,dev6,sub28,0.8,Session 2: 10.0.0.211-10.0.0.115,8.3607,1.7012,0,0,0.605068526
scenario_8,comp4,app4,dev11,sub29,0.8,Session 8: 10.0.0.211-10.0.0.124,8.1445,1.7742,0,0,0.583129857
scenario_8,comp1,app2,dev3,sub3,0.2,Session 6: 10.0.0.210-10.0.0.112,2.1978,1.5083,0,0,0.912291501
scenario_8,comp4,app4,dev12,sub30,0.8,Session 6: 10.0.0.211-10.0.0.125,8.2193,1.9087,0,0,0.525196394
scenario_8,comp4,app4,dev17,sub31,0.8,Session 7: 10.0.0.211-10.0.0.134,8.0466,1.5529,0,0,0.677519166
scenario_8,comp4,app4,dev18,sub32,0.8,Session 5: 10.0.0.211-10.0.0.135,8.1617,1.8458,0,0,0.553126637
scenario_8,comp4,app4,dev19,sub33,0.8,Session 3: 10.0.0.211-10.0.0.136,8.1984,1.8597,0,0,0.546067214
scenario_8,comp4,app4,dev20,sub34,0.8,Session 4: 10.0.0.211-10.0.0.137,8.1842,1.8689,0,0,0.542819432
scenario_8,comp1,app3,dev13,sub35,0.9,Session 2: 10.0.0.210-10.0.0.130,6.1844,1.2136,0,0,0.885607409
scenario_8,comp1,app3,dev14,sub36,0.9,Session 1: 10.0.0.210-10.0.0.131,6.1879,1.2044,0,0,0.889251227
scenario_8,comp1,app2,dev4,sub4,0.2,Session 7: 10.0.0.210-10.0.0.113,2.2298,1.5601,0,0,0.889861425
scenario_8,comp1,app2,dev5,sub5,0.4,Session 5: 10.0.0.210-10.0.0.114,2.2161,1.5601,0,0,0.890368499
scenario_8,comp1,app2,dev6,sub6,0.4,Session 8: 10.0.0.210-10.0.0.115,2.2319,1.5835,0,0,0.880186234
scenario_8,comp3,app2,dev7,sub7,0.2,Session 12: 10.0.0.220-10.0.0.120,1.3455,1.6841,0.0333,0.4667,0.263866137
scenario_8,comp3,app2,dev8,sub8,0.2,Session 11: 10.0.0.220-10.0.0.121,1.3794,1.6825,0.0333,0.4667,0.263267644
scenario_8,comp3,app2,dev9,sub9,0.2,Session 10: 10.0.0.220-10.0.0.122,1.3907,1.7479,0.0333,0.4667,0.236025717
scenario_9,comp4,app2,dev1,sub1,0.2,Session 11: 10.0.0.210-10.0.0.110,2.3491,1.9058,0,0,0.743657625
scenario_9,comp1,app2,dev10,sub10,0.2,Session 11: 10.0.0.220-10.0.0.123,1.5918,1.9363,0.0333,0.4667,0.151310572
scenario_9,comp1,app2,dev11,sub11,0.4,Session 8: 10.0.0.220-10.0.0.124,2.6452,1.5902,0.0333,0.4667,0.254273667
scenario_9,comp1,app2,dev12,sub12,0.4,Session 7: 10.0.0.220-10.0.0.125,2.6446,1.5712,0.0333,0.4667,0.262088688
scenario_9,comp4,app2,dev13,sub13,0.2,Session 18: 10.0.0.210-10.0.0.130,2.3184,1.704,0,0,0.827561795
scenario_9,comp4,app2,dev14,sub14,0.2,Session 17: 10.0.0.210-10.0.0.131,2.5169,1.6697,0,0,0.834282858
scenario_9,comp4,app2,dev15,sub15,0.2,Session 8: 10.0.0.210-10.0.0.132,2.3849,1.4623,0,0,0.924233241
scenario_9,comp4,app2,dev16,sub16,0.2,Session 10: 10.0.0.210-10.0.0.133,2.2981,1.7386,0,0,0.814122029
scenario_9,comp4,app2,dev17,sub17,0.4,Session 6: 10.0.0.210-10.0.0.134,8.1263,1.6531,0,0,0.633472419
scenario_9,comp4,app2,dev18,sub18,0.4,Session 2: 10.0.0.210-10.0.0.135,8.1303,1.6755,0,0,0.624137052
scenario_9,comp4,app2,dev19,sub19,0.4,Session 4: 10.0.0.210-10.0.0.136,8.1354,1.7236,0,0,0.604220165
scenario_9,comp4,app2,dev2,sub2,0.2,Session 20: 10.0.0.210-10.0.0.111,2.2488,1.6586,0,0,0.848758599
scenario_9,comp4,app2,dev20,sub20,0.4,Session 3: 10.0.0.210-10.0.0.137,8.175,1.8099,0,0,0.567358685
scenario_9,comp1,app1,dev7,sub21,0.3,Session 6: 10.0.0.220-10.0.0.120,2.436,1.5056,0.0333,0.4667,0.296715246
scenario_9,comp1,app1,dev8,sub22,0.3,Session 5: 10.0.0.220-10.0.0.121,2.6206,1.5468,0.0333,0.4667,0.272984605
scenario_9,comp1,app1,dev9,sub23,0.3,Session 4: 10.0.0.220-10.0.0.122,2.6115,1.6241,0.0333,0.4667,0.241616975
scenario_9,comp1,app1,dev10,sub24,0.3,Session 3: 10.0.0.220-10.0.0.123,2.4505,1.4743,0.0333,0.4667,0.309016196
scenario_9,comp1,app1,dev11,sub25,0.5,Session 2: 10.0.0.220-10.0.0.124,7.5613,1.1864,0.0333,0.4667,0.237933449
scenario_9,comp1,app1,dev12,sub26,0.5,Session 1: 10.0.0.220-10.0.0.125,7.6181,1.2987,0.0333,0.4667,0.189771501
scenario_9,comp4,app4,dev5,sub27,0.8,Session 9: 10.0.0.210-10.0.0.114,2.4623,1.5415,0,0,0.888884733
scenario_9,comp4,app4,dev6,sub28,0.8,Session 7: 10.0.0.210-10.0.0.115,2.4568,1.5568,0,0,0.882813037
scenario_9,comp1,app4,dev11,sub29,0.8,Session 10: 10.0.0.220-10.0.0.124,1.5169,1.8381,0.0333,0.4667,0.194359361
scenario_9,comp4,app2,dev3,sub3,0.2,Session 16: 10.0.0.210-10.0.0.112,2.4947,1.6889,0,0,0.827229696
scenario_9,comp1,app4,dev12,sub30,0.8,Session 9: 10.0.0.220-10.0.0.125,1.5616,1.9254,0.0333,0.4667,0.156898968
scenario_9,comp4,app4,dev17,sub31,0.8,Session 12: 10.0.0.210-10.0.0.134,2.3017,1.7499,0,0,0.80935411
scenario_9,comp4,app4,dev18,sub32,0.8,Session 19: 10.0.0.210-10.0.0.135,2.284,1.7124,0,0,0.825389787
scenario_9,comp4,app4,dev19,sub33,0.8,Session 13: 10.0.0.210-10.0.0.136,2.5148,1.7354,0,0,0.807413856
scenario_9,comp4,app4,dev20,sub34,0.8,Session 14: 10.0.0.210-10.0.0.137,2.5159,1.7575,0,0,0.79830887
scenario_9,comp3,app3,dev13,sub35,0.9,Session 1: 10.0.0.230-10.0.0.130,6.2255,1.2802,0,0.0333,0.83773127
scenario_9,comp3,app3,dev14,sub36,0.9,Session 2: 10.0.0.230-10.0.0.131,6.1518,1.1571,0,0,0.909987388
scenario_9,comp4,app2,dev4,sub4,0.2,Session 15: 10.0.0.210-10.0.0.113,2.5199,1.7337,0,0,0.807922343
scenario_9,comp4,app2,dev5,sub5,0.4,Session 1: 10.0.0.210-10.0.0.114,8.3917,1.7308,0,0,0.59178075
scenario_9,comp4,app2,dev6,sub6,0.4,Session 5: 10.0.0.210-10.0.0.115,8.3687,1.7471,0,0,0.585946628
scenario_9,comp1,app2,dev7,sub7,0.2,Session 14: 10.0.0.220-10.0.0.120,1.4499,1.8,0.0333,0.4667,0.212465852
scenario_9,comp1,app2,dev8,sub8,0.2,Session 13: 10.0.0.220-10.0.0.121,1.517,1.865,0.0333,0.4667,0.183322677
scenario_9,comp1,app2,dev9,sub9,0.2,Session 12: 10.0.0.220-10.0.0.122,1.5694,1.9184,0.0333,0.4667,0.159481306
